﻿<?xml version="1.0" encoding="utf-8"?>
<abapGit version="v1.0.0" serializer="LCL_OBJECT_CLAS" serializer_version="v1.0.0">
 <asx:abap xmlns:asx="http://www.sap.com/abapxml" version="1.0">
  <asx:values>
   <VSEOCLASS>
    <CLSNAME>Z_SCM_BPS_ODATA</CLSNAME>
    <LANGU>E</LANGU>
    <DESCRIPT>Consumption model for client proxy - generated</DESCRIPT>
    <STATE>1</STATE>
    <UNICODE>X</UNICODE>
   </VSEOCLASS>
   <DESCRIPTIONS>
    <SEOCOMPOTX>
     <CLSNAME>Z_SCM_BPS_ODATA</CLSNAME>
     <CMPNAME>DEF_A_ADDRESS_EMAIL_ADDRESS_TY</CMPNAME>
     <LANGU>E</LANGU>
     <DESCRIPT>Define A_AddressEmailAddressType</DESCRIPT>
    </SEOCOMPOTX>
    <SEOCOMPOTX>
     <CLSNAME>Z_SCM_BPS_ODATA</CLSNAME>
     <CMPNAME>DEF_A_ADDRESS_FAX_NUMBER_TYPE</CMPNAME>
     <LANGU>E</LANGU>
     <DESCRIPT>Define A_AddressFaxNumberType</DESCRIPT>
    </SEOCOMPOTX>
    <SEOCOMPOTX>
     <CLSNAME>Z_SCM_BPS_ODATA</CLSNAME>
     <CMPNAME>DEF_A_ADDRESS_HOME_PAGE_URLTYP</CMPNAME>
     <LANGU>E</LANGU>
     <DESCRIPT>Define A_AddressHomePageURLType</DESCRIPT>
    </SEOCOMPOTX>
    <SEOCOMPOTX>
     <CLSNAME>Z_SCM_BPS_ODATA</CLSNAME>
     <CMPNAME>DEF_A_ADDRESS_PHONE_NUMBER_TYP</CMPNAME>
     <LANGU>E</LANGU>
     <DESCRIPT>Define A_AddressPhoneNumberType</DESCRIPT>
    </SEOCOMPOTX>
    <SEOCOMPOTX>
     <CLSNAME>Z_SCM_BPS_ODATA</CLSNAME>
     <CMPNAME>DEF_A_BPADDRESS_INDEPENDENT__2</CMPNAME>
     <LANGU>E</LANGU>
     <DESCRIPT>Define A_BPAddressIndependentEmailType</DESCRIPT>
    </SEOCOMPOTX>
    <SEOCOMPOTX>
     <CLSNAME>Z_SCM_BPS_ODATA</CLSNAME>
     <CMPNAME>DEF_A_BPADDRESS_INDEPENDENT__3</CMPNAME>
     <LANGU>E</LANGU>
     <DESCRIPT>Define A_BPAddressIndependentFaxType</DESCRIPT>
    </SEOCOMPOTX>
    <SEOCOMPOTX>
     <CLSNAME>Z_SCM_BPS_ODATA</CLSNAME>
     <CMPNAME>DEF_A_BPADDRESS_INDEPENDENT__4</CMPNAME>
     <LANGU>E</LANGU>
     <DESCRIPT>Define A_BPAddressIndependentMobileType</DESCRIPT>
    </SEOCOMPOTX>
    <SEOCOMPOTX>
     <CLSNAME>Z_SCM_BPS_ODATA</CLSNAME>
     <CMPNAME>DEF_A_BPADDRESS_INDEPENDENT__5</CMPNAME>
     <LANGU>E</LANGU>
     <DESCRIPT>Define A_BPAddressIndependentPhoneType</DESCRIPT>
    </SEOCOMPOTX>
    <SEOCOMPOTX>
     <CLSNAME>Z_SCM_BPS_ODATA</CLSNAME>
     <CMPNAME>DEF_A_BPADDRESS_INDEPENDENT__6</CMPNAME>
     <LANGU>E</LANGU>
     <DESCRIPT>Define A_BPAddressIndependentWebsiteType</DESCRIPT>
    </SEOCOMPOTX>
    <SEOCOMPOTX>
     <CLSNAME>Z_SCM_BPS_ODATA</CLSNAME>
     <CMPNAME>DEF_A_BPADDR_DEPDNT_INTL_LOC_2</CMPNAME>
     <LANGU>E</LANGU>
     <DESCRIPT>Define A_BPAddrDepdntIntlLocNumberType</DESCRIPT>
    </SEOCOMPOTX>
    <SEOCOMPOTX>
     <CLSNAME>Z_SCM_BPS_ODATA</CLSNAME>
     <CMPNAME>DEF_A_BPCONTACT_PERSON_EML_A_2</CMPNAME>
     <LANGU>E</LANGU>
     <DESCRIPT>Define A_BPContactPersonEmlAddrType</DESCRIPT>
    </SEOCOMPOTX>
    <SEOCOMPOTX>
     <CLSNAME>Z_SCM_BPS_ODATA</CLSNAME>
     <CMPNAME>DEF_A_BPCONTACT_PERSON_FAX_N_2</CMPNAME>
     <LANGU>E</LANGU>
     <DESCRIPT>Define A_BPContactPersonFaxNmbrType</DESCRIPT>
    </SEOCOMPOTX>
    <SEOCOMPOTX>
     <CLSNAME>Z_SCM_BPS_ODATA</CLSNAME>
     <CMPNAME>DEF_A_BPCONTACT_PERSON_MBL_N_2</CMPNAME>
     <LANGU>E</LANGU>
     <DESCRIPT>Define A_BPContactPersonMblNmbrType</DESCRIPT>
    </SEOCOMPOTX>
    <SEOCOMPOTX>
     <CLSNAME>Z_SCM_BPS_ODATA</CLSNAME>
     <CMPNAME>DEF_A_BPCONTACT_PERSON_TEL_N_2</CMPNAME>
     <LANGU>E</LANGU>
     <DESCRIPT>Define A_BPContactPersonTelNmbrType</DESCRIPT>
    </SEOCOMPOTX>
    <SEOCOMPOTX>
     <CLSNAME>Z_SCM_BPS_ODATA</CLSNAME>
     <CMPNAME>DEF_A_BPCONTACT_PERSON_WBSTE_2</CMPNAME>
     <LANGU>E</LANGU>
     <DESCRIPT>Define A_BPContactPersonWbsteURLType</DESCRIPT>
    </SEOCOMPOTX>
    <SEOCOMPOTX>
     <CLSNAME>Z_SCM_BPS_ODATA</CLSNAME>
     <CMPNAME>DEF_A_BPCONTACT_TO_ADDRESS_TYP</CMPNAME>
     <LANGU>E</LANGU>
     <DESCRIPT>Define A_BPContactToAddressType</DESCRIPT>
    </SEOCOMPOTX>
    <SEOCOMPOTX>
     <CLSNAME>Z_SCM_BPS_ODATA</CLSNAME>
     <CMPNAME>DEF_A_BPCONTACT_TO_FUNC_AND__2</CMPNAME>
     <LANGU>E</LANGU>
     <DESCRIPT>Define A_BPContactToFuncAndDeptType</DESCRIPT>
    </SEOCOMPOTX>
    <SEOCOMPOTX>
     <CLSNAME>Z_SCM_BPS_ODATA</CLSNAME>
     <CMPNAME>DEF_A_BPCREDIT_WORTHINESS_TYPE</CMPNAME>
     <LANGU>E</LANGU>
     <DESCRIPT>Define A_BPCreditWorthinessType</DESCRIPT>
    </SEOCOMPOTX>
    <SEOCOMPOTX>
     <CLSNAME>Z_SCM_BPS_ODATA</CLSNAME>
     <CMPNAME>DEF_A_BPDATA_CONTROLLER_TYPE</CMPNAME>
     <LANGU>E</LANGU>
     <DESCRIPT>Define A_BPDataControllerType</DESCRIPT>
    </SEOCOMPOTX>
    <SEOCOMPOTX>
     <CLSNAME>Z_SCM_BPS_ODATA</CLSNAME>
     <CMPNAME>DEF_A_BPEMPLOYMENT_TYPE</CMPNAME>
     <LANGU>E</LANGU>
     <DESCRIPT>Define A_BPEmploymentType</DESCRIPT>
    </SEOCOMPOTX>
    <SEOCOMPOTX>
     <CLSNAME>Z_SCM_BPS_ODATA</CLSNAME>
     <CMPNAME>DEF_A_BPFINANCIAL_SERVICES_E_2</CMPNAME>
     <LANGU>E</LANGU>
     <DESCRIPT>Define A_BPFinancialServicesExtnType</DESCRIPT>
    </SEOCOMPOTX>
    <SEOCOMPOTX>
     <CLSNAME>Z_SCM_BPS_ODATA</CLSNAME>
     <CMPNAME>DEF_A_BPFINANCIAL_SERVICES_R_2</CMPNAME>
     <LANGU>E</LANGU>
     <DESCRIPT>Define A_BPFinancialServicesReportingType</DESCRIPT>
    </SEOCOMPOTX>
    <SEOCOMPOTX>
     <CLSNAME>Z_SCM_BPS_ODATA</CLSNAME>
     <CMPNAME>DEF_A_BPFISCAL_YEAR_INFORMAT_2</CMPNAME>
     <LANGU>E</LANGU>
     <DESCRIPT>Define A_BPFiscalYearInformationType</DESCRIPT>
    </SEOCOMPOTX>
    <SEOCOMPOTX>
     <CLSNAME>Z_SCM_BPS_ODATA</CLSNAME>
     <CMPNAME>DEF_A_BPINTL_ADDRESS_VERSION_T</CMPNAME>
     <LANGU>E</LANGU>
     <DESCRIPT>Define A_BPIntlAddressVersionType</DESCRIPT>
    </SEOCOMPOTX>
    <SEOCOMPOTX>
     <CLSNAME>Z_SCM_BPS_ODATA</CLSNAME>
     <CMPNAME>DEF_A_BPRELATIONSHIP_TYPE</CMPNAME>
     <LANGU>E</LANGU>
     <DESCRIPT>Define A_BPRelationshipType</DESCRIPT>
    </SEOCOMPOTX>
    <SEOCOMPOTX>
     <CLSNAME>Z_SCM_BPS_ODATA</CLSNAME>
     <CMPNAME>DEF_A_BUSINESS_PARTNER_ADDRE_2</CMPNAME>
     <LANGU>E</LANGU>
     <DESCRIPT>Define A_BusinessPartnerAddressType</DESCRIPT>
    </SEOCOMPOTX>
    <SEOCOMPOTX>
     <CLSNAME>Z_SCM_BPS_ODATA</CLSNAME>
     <CMPNAME>DEF_A_BUSINESS_PARTNER_ALIAS_T</CMPNAME>
     <LANGU>E</LANGU>
     <DESCRIPT>Define A_BusinessPartnerAliasType</DESCRIPT>
    </SEOCOMPOTX>
    <SEOCOMPOTX>
     <CLSNAME>Z_SCM_BPS_ODATA</CLSNAME>
     <CMPNAME>DEF_A_BUSINESS_PARTNER_BANK_TY</CMPNAME>
     <LANGU>E</LANGU>
     <DESCRIPT>Define A_BusinessPartnerBankType</DESCRIPT>
    </SEOCOMPOTX>
    <SEOCOMPOTX>
     <CLSNAME>Z_SCM_BPS_ODATA</CLSNAME>
     <CMPNAME>DEF_A_BUSINESS_PARTNER_CONTA_2</CMPNAME>
     <LANGU>E</LANGU>
     <DESCRIPT>Define A_BusinessPartnerContactType</DESCRIPT>
    </SEOCOMPOTX>
    <SEOCOMPOTX>
     <CLSNAME>Z_SCM_BPS_ODATA</CLSNAME>
     <CMPNAME>DEF_A_BUSINESS_PARTNER_IS_BA_2</CMPNAME>
     <LANGU>E</LANGU>
     <DESCRIPT>Define A_BusinessPartnerIsBankType</DESCRIPT>
    </SEOCOMPOTX>
    <SEOCOMPOTX>
     <CLSNAME>Z_SCM_BPS_ODATA</CLSNAME>
     <CMPNAME>DEF_A_BUSINESS_PARTNER_PAYME_2</CMPNAME>
     <LANGU>E</LANGU>
     <DESCRIPT>Define A_BusinessPartnerPaymentCardType</DESCRIPT>
    </SEOCOMPOTX>
    <SEOCOMPOTX>
     <CLSNAME>Z_SCM_BPS_ODATA</CLSNAME>
     <CMPNAME>DEF_A_BUSINESS_PARTNER_RATIN_2</CMPNAME>
     <LANGU>E</LANGU>
     <DESCRIPT>Define A_BusinessPartnerRatingType</DESCRIPT>
    </SEOCOMPOTX>
    <SEOCOMPOTX>
     <CLSNAME>Z_SCM_BPS_ODATA</CLSNAME>
     <CMPNAME>DEF_A_BUSINESS_PARTNER_ROLE_TY</CMPNAME>
     <LANGU>E</LANGU>
     <DESCRIPT>Define A_BusinessPartnerRoleType</DESCRIPT>
    </SEOCOMPOTX>
    <SEOCOMPOTX>
     <CLSNAME>Z_SCM_BPS_ODATA</CLSNAME>
     <CMPNAME>DEF_A_BUSINESS_PARTNER_TAX_N_2</CMPNAME>
     <LANGU>E</LANGU>
     <DESCRIPT>Define A_BusinessPartnerTaxNumberType</DESCRIPT>
    </SEOCOMPOTX>
    <SEOCOMPOTX>
     <CLSNAME>Z_SCM_BPS_ODATA</CLSNAME>
     <CMPNAME>DEF_A_BUSINESS_PARTNER_TYPE</CMPNAME>
     <LANGU>E</LANGU>
     <DESCRIPT>Define A_BusinessPartnerType</DESCRIPT>
    </SEOCOMPOTX>
    <SEOCOMPOTX>
     <CLSNAME>Z_SCM_BPS_ODATA</CLSNAME>
     <CMPNAME>DEF_A_BUS_PART_ADDR_DEPDNT_T_2</CMPNAME>
     <LANGU>E</LANGU>
     <DESCRIPT>Define A_BusPartAddrDepdntTaxNmbrType</DESCRIPT>
    </SEOCOMPOTX>
    <SEOCOMPOTX>
     <CLSNAME>Z_SCM_BPS_ODATA</CLSNAME>
     <CMPNAME>DEF_A_BU_PA_ADDRESS_USAGE_TYPE</CMPNAME>
     <LANGU>E</LANGU>
     <DESCRIPT>Define A_BuPaAddressUsageType</DESCRIPT>
    </SEOCOMPOTX>
    <SEOCOMPOTX>
     <CLSNAME>Z_SCM_BPS_ODATA</CLSNAME>
     <CMPNAME>DEF_A_BU_PA_IDENTIFICATION_TYP</CMPNAME>
     <LANGU>E</LANGU>
     <DESCRIPT>Define A_BuPaIdentificationType</DESCRIPT>
    </SEOCOMPOTX>
    <SEOCOMPOTX>
     <CLSNAME>Z_SCM_BPS_ODATA</CLSNAME>
     <CMPNAME>DEF_A_BU_PA_INDUSTRY_TYPE</CMPNAME>
     <LANGU>E</LANGU>
     <DESCRIPT>Define A_BuPaIndustryType</DESCRIPT>
    </SEOCOMPOTX>
    <SEOCOMPOTX>
     <CLSNAME>Z_SCM_BPS_ODATA</CLSNAME>
     <CMPNAME>DEF_A_CUSTOMER_COMPANY_TEXT_TY</CMPNAME>
     <LANGU>E</LANGU>
     <DESCRIPT>Define A_CustomerCompanyTextType</DESCRIPT>
    </SEOCOMPOTX>
    <SEOCOMPOTX>
     <CLSNAME>Z_SCM_BPS_ODATA</CLSNAME>
     <CMPNAME>DEF_A_CUSTOMER_COMPANY_TYPE</CMPNAME>
     <LANGU>E</LANGU>
     <DESCRIPT>Define A_CustomerCompanyType</DESCRIPT>
    </SEOCOMPOTX>
    <SEOCOMPOTX>
     <CLSNAME>Z_SCM_BPS_ODATA</CLSNAME>
     <CMPNAME>DEF_A_CUSTOMER_DUNNING_TYPE</CMPNAME>
     <LANGU>E</LANGU>
     <DESCRIPT>Define A_CustomerDunningType</DESCRIPT>
    </SEOCOMPOTX>
    <SEOCOMPOTX>
     <CLSNAME>Z_SCM_BPS_ODATA</CLSNAME>
     <CMPNAME>DEF_A_CUSTOMER_SALES_AREA_TA_2</CMPNAME>
     <LANGU>E</LANGU>
     <DESCRIPT>Define A_CustomerSalesAreaTaxType</DESCRIPT>
    </SEOCOMPOTX>
    <SEOCOMPOTX>
     <CLSNAME>Z_SCM_BPS_ODATA</CLSNAME>
     <CMPNAME>DEF_A_CUSTOMER_SALES_AREA_TE_2</CMPNAME>
     <LANGU>E</LANGU>
     <DESCRIPT>Define A_CustomerSalesAreaTextType</DESCRIPT>
    </SEOCOMPOTX>
    <SEOCOMPOTX>
     <CLSNAME>Z_SCM_BPS_ODATA</CLSNAME>
     <CMPNAME>DEF_A_CUSTOMER_SALES_AREA_TYPE</CMPNAME>
     <LANGU>E</LANGU>
     <DESCRIPT>Define A_CustomerSalesAreaType</DESCRIPT>
    </SEOCOMPOTX>
    <SEOCOMPOTX>
     <CLSNAME>Z_SCM_BPS_ODATA</CLSNAME>
     <CMPNAME>DEF_A_CUSTOMER_TAX_GROUPING_TY</CMPNAME>
     <LANGU>E</LANGU>
     <DESCRIPT>Define A_CustomerTaxGroupingType</DESCRIPT>
    </SEOCOMPOTX>
    <SEOCOMPOTX>
     <CLSNAME>Z_SCM_BPS_ODATA</CLSNAME>
     <CMPNAME>DEF_A_CUSTOMER_TEXT_TYPE</CMPNAME>
     <LANGU>E</LANGU>
     <DESCRIPT>Define A_CustomerTextType</DESCRIPT>
    </SEOCOMPOTX>
    <SEOCOMPOTX>
     <CLSNAME>Z_SCM_BPS_ODATA</CLSNAME>
     <CMPNAME>DEF_A_CUSTOMER_TYPE</CMPNAME>
     <LANGU>E</LANGU>
     <DESCRIPT>Define A_CustomerType</DESCRIPT>
    </SEOCOMPOTX>
    <SEOCOMPOTX>
     <CLSNAME>Z_SCM_BPS_ODATA</CLSNAME>
     <CMPNAME>DEF_A_CUSTOMER_UNLOADING_POI_2</CMPNAME>
     <LANGU>E</LANGU>
     <DESCRIPT>Define A_CustomerUnloadingPointType</DESCRIPT>
    </SEOCOMPOTX>
    <SEOCOMPOTX>
     <CLSNAME>Z_SCM_BPS_ODATA</CLSNAME>
     <CMPNAME>DEF_A_CUSTOMER_WITH_HOLDING__2</CMPNAME>
     <LANGU>E</LANGU>
     <DESCRIPT>Define A_CustomerWithHoldingTaxType</DESCRIPT>
    </SEOCOMPOTX>
    <SEOCOMPOTX>
     <CLSNAME>Z_SCM_BPS_ODATA</CLSNAME>
     <CMPNAME>DEF_A_CUST_ADDR_DEPDNT_EXT_I_2</CMPNAME>
     <LANGU>E</LANGU>
     <DESCRIPT>Define A_CustAddrDepdntExtIdentifierType</DESCRIPT>
    </SEOCOMPOTX>
    <SEOCOMPOTX>
     <CLSNAME>Z_SCM_BPS_ODATA</CLSNAME>
     <CMPNAME>DEF_A_CUST_ADDR_DEPDNT_INFOR_2</CMPNAME>
     <LANGU>E</LANGU>
     <DESCRIPT>Define A_CustAddrDepdntInformationType</DESCRIPT>
    </SEOCOMPOTX>
    <SEOCOMPOTX>
     <CLSNAME>Z_SCM_BPS_ODATA</CLSNAME>
     <CMPNAME>DEF_A_CUST_SALES_PARTNER_FUN_2</CMPNAME>
     <LANGU>E</LANGU>
     <DESCRIPT>Define A_CustSalesPartnerFuncType</DESCRIPT>
    </SEOCOMPOTX>
    <SEOCOMPOTX>
     <CLSNAME>Z_SCM_BPS_ODATA</CLSNAME>
     <CMPNAME>DEF_A_CUST_SLS_AREA_ADDR_DEP_3</CMPNAME>
     <LANGU>E</LANGU>
     <DESCRIPT>Define A_CustSlsAreaAddrDepdntInfoType</DESCRIPT>
    </SEOCOMPOTX>
    <SEOCOMPOTX>
     <CLSNAME>Z_SCM_BPS_ODATA</CLSNAME>
     <CMPNAME>DEF_A_CUST_SLS_AREA_ADDR_DEP_4</CMPNAME>
     <LANGU>E</LANGU>
     <DESCRIPT>Define A_CustSlsAreaAddrDepdntTaxInfoType</DESCRIPT>
    </SEOCOMPOTX>
    <SEOCOMPOTX>
     <CLSNAME>Z_SCM_BPS_ODATA</CLSNAME>
     <CMPNAME>DEF_A_CUST_UNLDG_PT_ADDR_DEP_2</CMPNAME>
     <LANGU>E</LANGU>
     <DESCRIPT>Define A_CustUnldgPtAddrDepdntInfoType</DESCRIPT>
    </SEOCOMPOTX>
    <SEOCOMPOTX>
     <CLSNAME>Z_SCM_BPS_ODATA</CLSNAME>
     <CMPNAME>DEF_A_SUPPLIER_COMPANY_TEXT_TY</CMPNAME>
     <LANGU>E</LANGU>
     <DESCRIPT>Define A_SupplierCompanyTextType</DESCRIPT>
    </SEOCOMPOTX>
    <SEOCOMPOTX>
     <CLSNAME>Z_SCM_BPS_ODATA</CLSNAME>
     <CMPNAME>DEF_A_SUPPLIER_COMPANY_TYPE</CMPNAME>
     <LANGU>E</LANGU>
     <DESCRIPT>Define A_SupplierCompanyType</DESCRIPT>
    </SEOCOMPOTX>
    <SEOCOMPOTX>
     <CLSNAME>Z_SCM_BPS_ODATA</CLSNAME>
     <CMPNAME>DEF_A_SUPPLIER_DUNNING_TYPE</CMPNAME>
     <LANGU>E</LANGU>
     <DESCRIPT>Define A_SupplierDunningType</DESCRIPT>
    </SEOCOMPOTX>
    <SEOCOMPOTX>
     <CLSNAME>Z_SCM_BPS_ODATA</CLSNAME>
     <CMPNAME>DEF_A_SUPPLIER_PARTNER_FUNC_TY</CMPNAME>
     <LANGU>E</LANGU>
     <DESCRIPT>Define A_SupplierPartnerFuncType</DESCRIPT>
    </SEOCOMPOTX>
    <SEOCOMPOTX>
     <CLSNAME>Z_SCM_BPS_ODATA</CLSNAME>
     <CMPNAME>DEF_A_SUPPLIER_PURCHASING_OR_3</CMPNAME>
     <LANGU>E</LANGU>
     <DESCRIPT>Define A_SupplierPurchasingOrgType</DESCRIPT>
    </SEOCOMPOTX>
    <SEOCOMPOTX>
     <CLSNAME>Z_SCM_BPS_ODATA</CLSNAME>
     <CMPNAME>DEF_A_SUPPLIER_PURCHASING_OR_4</CMPNAME>
     <LANGU>E</LANGU>
     <DESCRIPT>Define A_SupplierPurchasingOrgTextType</DESCRIPT>
    </SEOCOMPOTX>
    <SEOCOMPOTX>
     <CLSNAME>Z_SCM_BPS_ODATA</CLSNAME>
     <CMPNAME>DEF_A_SUPPLIER_TEXT_TYPE</CMPNAME>
     <LANGU>E</LANGU>
     <DESCRIPT>Define A_SupplierTextType</DESCRIPT>
    </SEOCOMPOTX>
    <SEOCOMPOTX>
     <CLSNAME>Z_SCM_BPS_ODATA</CLSNAME>
     <CMPNAME>DEF_A_SUPPLIER_TYPE</CMPNAME>
     <LANGU>E</LANGU>
     <DESCRIPT>Define A_SupplierType</DESCRIPT>
    </SEOCOMPOTX>
    <SEOCOMPOTX>
     <CLSNAME>Z_SCM_BPS_ODATA</CLSNAME>
     <CMPNAME>DEF_A_SUPPLIER_WITH_HOLDING__2</CMPNAME>
     <LANGU>E</LANGU>
     <DESCRIPT>Define A_SupplierWithHoldingTaxType</DESCRIPT>
    </SEOCOMPOTX>
    <SEOCOMPOTX>
     <CLSNAME>Z_SCM_BPS_ODATA</CLSNAME>
     <CMPNAME>DEF_YY_1_SHIPMENT_0</CMPNAME>
     <LANGU>E</LANGU>
     <DESCRIPT>Define YY1_SHIPMENT0</DESCRIPT>
    </SEOCOMPOTX>
    <SEOCOMPOTX>
     <CLSNAME>Z_SCM_BPS_ODATA</CLSNAME>
     <CMPNAME>GCS_ENTITY_SET</CMPNAME>
     <LANGU>E</LANGU>
     <DESCRIPT>Internal Names of the entity sets</DESCRIPT>
    </SEOCOMPOTX>
    <SEOCOMPOTX>
     <CLSNAME>Z_SCM_BPS_ODATA</CLSNAME>
     <CMPNAME>GCS_ENTITY_TYPE</CMPNAME>
     <LANGU>E</LANGU>
     <DESCRIPT>Internal names for entity types</DESCRIPT>
    </SEOCOMPOTX>
    <SEOCOMPOTX>
     <CLSNAME>Z_SCM_BPS_ODATA</CLSNAME>
     <CMPNAME>MO_MODEL</CMPNAME>
     <LANGU>E</LANGU>
     <DESCRIPT>Model</DESCRIPT>
    </SEOCOMPOTX>
    <SEOCOMPOTX>
     <CLSNAME>Z_SCM_BPS_ODATA</CLSNAME>
     <CMPNAME>TYS_A_ADDRESS_EMAIL_ADDRESS_TY</CMPNAME>
     <LANGU>E</LANGU>
     <DESCRIPT>A_AddressEmailAddressType</DESCRIPT>
    </SEOCOMPOTX>
    <SEOCOMPOTX>
     <CLSNAME>Z_SCM_BPS_ODATA</CLSNAME>
     <CMPNAME>TYS_A_ADDRESS_FAX_NUMBER_TYPE</CMPNAME>
     <LANGU>E</LANGU>
     <DESCRIPT>A_AddressFaxNumberType</DESCRIPT>
    </SEOCOMPOTX>
    <SEOCOMPOTX>
     <CLSNAME>Z_SCM_BPS_ODATA</CLSNAME>
     <CMPNAME>TYS_A_ADDRESS_HOME_PAGE_URLTYP</CMPNAME>
     <LANGU>E</LANGU>
     <DESCRIPT>A_AddressHomePageURLType</DESCRIPT>
    </SEOCOMPOTX>
    <SEOCOMPOTX>
     <CLSNAME>Z_SCM_BPS_ODATA</CLSNAME>
     <CMPNAME>TYS_A_ADDRESS_PHONE_NUMBER_TYP</CMPNAME>
     <LANGU>E</LANGU>
     <DESCRIPT>A_AddressPhoneNumberType</DESCRIPT>
    </SEOCOMPOTX>
    <SEOCOMPOTX>
     <CLSNAME>Z_SCM_BPS_ODATA</CLSNAME>
     <CMPNAME>TYS_A_BPADDRESS_INDEPENDENT__2</CMPNAME>
     <LANGU>E</LANGU>
     <DESCRIPT>A_BPAddressIndependentEmailType</DESCRIPT>
    </SEOCOMPOTX>
    <SEOCOMPOTX>
     <CLSNAME>Z_SCM_BPS_ODATA</CLSNAME>
     <CMPNAME>TYS_A_BPADDRESS_INDEPENDENT__3</CMPNAME>
     <LANGU>E</LANGU>
     <DESCRIPT>A_BPAddressIndependentFaxType</DESCRIPT>
    </SEOCOMPOTX>
    <SEOCOMPOTX>
     <CLSNAME>Z_SCM_BPS_ODATA</CLSNAME>
     <CMPNAME>TYS_A_BPADDRESS_INDEPENDENT__4</CMPNAME>
     <LANGU>E</LANGU>
     <DESCRIPT>A_BPAddressIndependentMobileType</DESCRIPT>
    </SEOCOMPOTX>
    <SEOCOMPOTX>
     <CLSNAME>Z_SCM_BPS_ODATA</CLSNAME>
     <CMPNAME>TYS_A_BPADDRESS_INDEPENDENT__5</CMPNAME>
     <LANGU>E</LANGU>
     <DESCRIPT>A_BPAddressIndependentPhoneType</DESCRIPT>
    </SEOCOMPOTX>
    <SEOCOMPOTX>
     <CLSNAME>Z_SCM_BPS_ODATA</CLSNAME>
     <CMPNAME>TYS_A_BPADDRESS_INDEPENDENT__6</CMPNAME>
     <LANGU>E</LANGU>
     <DESCRIPT>A_BPAddressIndependentWebsiteType</DESCRIPT>
    </SEOCOMPOTX>
    <SEOCOMPOTX>
     <CLSNAME>Z_SCM_BPS_ODATA</CLSNAME>
     <CMPNAME>TYS_A_BPADDR_DEPDNT_INTL_LOC_2</CMPNAME>
     <LANGU>E</LANGU>
     <DESCRIPT>A_BPAddrDepdntIntlLocNumberType</DESCRIPT>
    </SEOCOMPOTX>
    <SEOCOMPOTX>
     <CLSNAME>Z_SCM_BPS_ODATA</CLSNAME>
     <CMPNAME>TYS_A_BPCONTACT_PERSON_EML_A_2</CMPNAME>
     <LANGU>E</LANGU>
     <DESCRIPT>A_BPContactPersonEmlAddrType</DESCRIPT>
    </SEOCOMPOTX>
    <SEOCOMPOTX>
     <CLSNAME>Z_SCM_BPS_ODATA</CLSNAME>
     <CMPNAME>TYS_A_BPCONTACT_PERSON_FAX_N_2</CMPNAME>
     <LANGU>E</LANGU>
     <DESCRIPT>A_BPContactPersonFaxNmbrType</DESCRIPT>
    </SEOCOMPOTX>
    <SEOCOMPOTX>
     <CLSNAME>Z_SCM_BPS_ODATA</CLSNAME>
     <CMPNAME>TYS_A_BPCONTACT_PERSON_MBL_N_2</CMPNAME>
     <LANGU>E</LANGU>
     <DESCRIPT>A_BPContactPersonMblNmbrType</DESCRIPT>
    </SEOCOMPOTX>
    <SEOCOMPOTX>
     <CLSNAME>Z_SCM_BPS_ODATA</CLSNAME>
     <CMPNAME>TYS_A_BPCONTACT_PERSON_TEL_N_2</CMPNAME>
     <LANGU>E</LANGU>
     <DESCRIPT>A_BPContactPersonTelNmbrType</DESCRIPT>
    </SEOCOMPOTX>
    <SEOCOMPOTX>
     <CLSNAME>Z_SCM_BPS_ODATA</CLSNAME>
     <CMPNAME>TYS_A_BPCONTACT_PERSON_WBSTE_2</CMPNAME>
     <LANGU>E</LANGU>
     <DESCRIPT>A_BPContactPersonWbsteURLType</DESCRIPT>
    </SEOCOMPOTX>
    <SEOCOMPOTX>
     <CLSNAME>Z_SCM_BPS_ODATA</CLSNAME>
     <CMPNAME>TYS_A_BPCONTACT_TO_ADDRESS_TYP</CMPNAME>
     <LANGU>E</LANGU>
     <DESCRIPT>A_BPContactToAddressType</DESCRIPT>
    </SEOCOMPOTX>
    <SEOCOMPOTX>
     <CLSNAME>Z_SCM_BPS_ODATA</CLSNAME>
     <CMPNAME>TYS_A_BPCONTACT_TO_FUNC_AND__2</CMPNAME>
     <LANGU>E</LANGU>
     <DESCRIPT>A_BPContactToFuncAndDeptType</DESCRIPT>
    </SEOCOMPOTX>
    <SEOCOMPOTX>
     <CLSNAME>Z_SCM_BPS_ODATA</CLSNAME>
     <CMPNAME>TYS_A_BPCREDIT_WORTHINESS_TYPE</CMPNAME>
     <LANGU>E</LANGU>
     <DESCRIPT>A_BPCreditWorthinessType</DESCRIPT>
    </SEOCOMPOTX>
    <SEOCOMPOTX>
     <CLSNAME>Z_SCM_BPS_ODATA</CLSNAME>
     <CMPNAME>TYS_A_BPDATA_CONTROLLER_TYPE</CMPNAME>
     <LANGU>E</LANGU>
     <DESCRIPT>A_BPDataControllerType</DESCRIPT>
    </SEOCOMPOTX>
    <SEOCOMPOTX>
     <CLSNAME>Z_SCM_BPS_ODATA</CLSNAME>
     <CMPNAME>TYS_A_BPEMPLOYMENT_TYPE</CMPNAME>
     <LANGU>E</LANGU>
     <DESCRIPT>A_BPEmploymentType</DESCRIPT>
    </SEOCOMPOTX>
    <SEOCOMPOTX>
     <CLSNAME>Z_SCM_BPS_ODATA</CLSNAME>
     <CMPNAME>TYS_A_BPFINANCIAL_SERVICES_E_2</CMPNAME>
     <LANGU>E</LANGU>
     <DESCRIPT>A_BPFinancialServicesExtnType</DESCRIPT>
    </SEOCOMPOTX>
    <SEOCOMPOTX>
     <CLSNAME>Z_SCM_BPS_ODATA</CLSNAME>
     <CMPNAME>TYS_A_BPFINANCIAL_SERVICES_R_2</CMPNAME>
     <LANGU>E</LANGU>
     <DESCRIPT>A_BPFinancialServicesReportingType</DESCRIPT>
    </SEOCOMPOTX>
    <SEOCOMPOTX>
     <CLSNAME>Z_SCM_BPS_ODATA</CLSNAME>
     <CMPNAME>TYS_A_BPFISCAL_YEAR_INFORMAT_2</CMPNAME>
     <LANGU>E</LANGU>
     <DESCRIPT>A_BPFiscalYearInformationType</DESCRIPT>
    </SEOCOMPOTX>
    <SEOCOMPOTX>
     <CLSNAME>Z_SCM_BPS_ODATA</CLSNAME>
     <CMPNAME>TYS_A_BPINTL_ADDRESS_VERSION_T</CMPNAME>
     <LANGU>E</LANGU>
     <DESCRIPT>A_BPIntlAddressVersionType</DESCRIPT>
    </SEOCOMPOTX>
    <SEOCOMPOTX>
     <CLSNAME>Z_SCM_BPS_ODATA</CLSNAME>
     <CMPNAME>TYS_A_BPRELATIONSHIP_TYPE</CMPNAME>
     <LANGU>E</LANGU>
     <DESCRIPT>A_BPRelationshipType</DESCRIPT>
    </SEOCOMPOTX>
    <SEOCOMPOTX>
     <CLSNAME>Z_SCM_BPS_ODATA</CLSNAME>
     <CMPNAME>TYS_A_BUSINESS_PARTNER_ADDRE_2</CMPNAME>
     <LANGU>E</LANGU>
     <DESCRIPT>A_BusinessPartnerAddressType</DESCRIPT>
    </SEOCOMPOTX>
    <SEOCOMPOTX>
     <CLSNAME>Z_SCM_BPS_ODATA</CLSNAME>
     <CMPNAME>TYS_A_BUSINESS_PARTNER_ALIAS_T</CMPNAME>
     <LANGU>E</LANGU>
     <DESCRIPT>A_BusinessPartnerAliasType</DESCRIPT>
    </SEOCOMPOTX>
    <SEOCOMPOTX>
     <CLSNAME>Z_SCM_BPS_ODATA</CLSNAME>
     <CMPNAME>TYS_A_BUSINESS_PARTNER_BANK_TY</CMPNAME>
     <LANGU>E</LANGU>
     <DESCRIPT>A_BusinessPartnerBankType</DESCRIPT>
    </SEOCOMPOTX>
    <SEOCOMPOTX>
     <CLSNAME>Z_SCM_BPS_ODATA</CLSNAME>
     <CMPNAME>TYS_A_BUSINESS_PARTNER_CONTA_2</CMPNAME>
     <LANGU>E</LANGU>
     <DESCRIPT>A_BusinessPartnerContactType</DESCRIPT>
    </SEOCOMPOTX>
    <SEOCOMPOTX>
     <CLSNAME>Z_SCM_BPS_ODATA</CLSNAME>
     <CMPNAME>TYS_A_BUSINESS_PARTNER_IS_BA_2</CMPNAME>
     <LANGU>E</LANGU>
     <DESCRIPT>A_BusinessPartnerIsBankType</DESCRIPT>
    </SEOCOMPOTX>
    <SEOCOMPOTX>
     <CLSNAME>Z_SCM_BPS_ODATA</CLSNAME>
     <CMPNAME>TYS_A_BUSINESS_PARTNER_PAYME_2</CMPNAME>
     <LANGU>E</LANGU>
     <DESCRIPT>A_BusinessPartnerPaymentCardType</DESCRIPT>
    </SEOCOMPOTX>
    <SEOCOMPOTX>
     <CLSNAME>Z_SCM_BPS_ODATA</CLSNAME>
     <CMPNAME>TYS_A_BUSINESS_PARTNER_RATIN_2</CMPNAME>
     <LANGU>E</LANGU>
     <DESCRIPT>A_BusinessPartnerRatingType</DESCRIPT>
    </SEOCOMPOTX>
    <SEOCOMPOTX>
     <CLSNAME>Z_SCM_BPS_ODATA</CLSNAME>
     <CMPNAME>TYS_A_BUSINESS_PARTNER_ROLE_TY</CMPNAME>
     <LANGU>E</LANGU>
     <DESCRIPT>A_BusinessPartnerRoleType</DESCRIPT>
    </SEOCOMPOTX>
    <SEOCOMPOTX>
     <CLSNAME>Z_SCM_BPS_ODATA</CLSNAME>
     <CMPNAME>TYS_A_BUSINESS_PARTNER_TAX_N_2</CMPNAME>
     <LANGU>E</LANGU>
     <DESCRIPT>A_BusinessPartnerTaxNumberType</DESCRIPT>
    </SEOCOMPOTX>
    <SEOCOMPOTX>
     <CLSNAME>Z_SCM_BPS_ODATA</CLSNAME>
     <CMPNAME>TYS_A_BUSINESS_PARTNER_TYPE</CMPNAME>
     <LANGU>E</LANGU>
     <DESCRIPT>A_BusinessPartnerType</DESCRIPT>
    </SEOCOMPOTX>
    <SEOCOMPOTX>
     <CLSNAME>Z_SCM_BPS_ODATA</CLSNAME>
     <CMPNAME>TYS_A_BUS_PART_ADDR_DEPDNT_T_2</CMPNAME>
     <LANGU>E</LANGU>
     <DESCRIPT>A_BusPartAddrDepdntTaxNmbrType</DESCRIPT>
    </SEOCOMPOTX>
    <SEOCOMPOTX>
     <CLSNAME>Z_SCM_BPS_ODATA</CLSNAME>
     <CMPNAME>TYS_A_BU_PA_ADDRESS_USAGE_TYPE</CMPNAME>
     <LANGU>E</LANGU>
     <DESCRIPT>A_BuPaAddressUsageType</DESCRIPT>
    </SEOCOMPOTX>
    <SEOCOMPOTX>
     <CLSNAME>Z_SCM_BPS_ODATA</CLSNAME>
     <CMPNAME>TYS_A_BU_PA_IDENTIFICATION_TYP</CMPNAME>
     <LANGU>E</LANGU>
     <DESCRIPT>A_BuPaIdentificationType</DESCRIPT>
    </SEOCOMPOTX>
    <SEOCOMPOTX>
     <CLSNAME>Z_SCM_BPS_ODATA</CLSNAME>
     <CMPNAME>TYS_A_BU_PA_INDUSTRY_TYPE</CMPNAME>
     <LANGU>E</LANGU>
     <DESCRIPT>A_BuPaIndustryType</DESCRIPT>
    </SEOCOMPOTX>
    <SEOCOMPOTX>
     <CLSNAME>Z_SCM_BPS_ODATA</CLSNAME>
     <CMPNAME>TYS_A_CUSTOMER_COMPANY_TEXT_TY</CMPNAME>
     <LANGU>E</LANGU>
     <DESCRIPT>A_CustomerCompanyTextType</DESCRIPT>
    </SEOCOMPOTX>
    <SEOCOMPOTX>
     <CLSNAME>Z_SCM_BPS_ODATA</CLSNAME>
     <CMPNAME>TYS_A_CUSTOMER_COMPANY_TYPE</CMPNAME>
     <LANGU>E</LANGU>
     <DESCRIPT>A_CustomerCompanyType</DESCRIPT>
    </SEOCOMPOTX>
    <SEOCOMPOTX>
     <CLSNAME>Z_SCM_BPS_ODATA</CLSNAME>
     <CMPNAME>TYS_A_CUSTOMER_DUNNING_TYPE</CMPNAME>
     <LANGU>E</LANGU>
     <DESCRIPT>A_CustomerDunningType</DESCRIPT>
    </SEOCOMPOTX>
    <SEOCOMPOTX>
     <CLSNAME>Z_SCM_BPS_ODATA</CLSNAME>
     <CMPNAME>TYS_A_CUSTOMER_SALES_AREA_TA_2</CMPNAME>
     <LANGU>E</LANGU>
     <DESCRIPT>A_CustomerSalesAreaTaxType</DESCRIPT>
    </SEOCOMPOTX>
    <SEOCOMPOTX>
     <CLSNAME>Z_SCM_BPS_ODATA</CLSNAME>
     <CMPNAME>TYS_A_CUSTOMER_SALES_AREA_TE_2</CMPNAME>
     <LANGU>E</LANGU>
     <DESCRIPT>A_CustomerSalesAreaTextType</DESCRIPT>
    </SEOCOMPOTX>
    <SEOCOMPOTX>
     <CLSNAME>Z_SCM_BPS_ODATA</CLSNAME>
     <CMPNAME>TYS_A_CUSTOMER_SALES_AREA_TYPE</CMPNAME>
     <LANGU>E</LANGU>
     <DESCRIPT>A_CustomerSalesAreaType</DESCRIPT>
    </SEOCOMPOTX>
    <SEOCOMPOTX>
     <CLSNAME>Z_SCM_BPS_ODATA</CLSNAME>
     <CMPNAME>TYS_A_CUSTOMER_TAX_GROUPING_TY</CMPNAME>
     <LANGU>E</LANGU>
     <DESCRIPT>A_CustomerTaxGroupingType</DESCRIPT>
    </SEOCOMPOTX>
    <SEOCOMPOTX>
     <CLSNAME>Z_SCM_BPS_ODATA</CLSNAME>
     <CMPNAME>TYS_A_CUSTOMER_TEXT_TYPE</CMPNAME>
     <LANGU>E</LANGU>
     <DESCRIPT>A_CustomerTextType</DESCRIPT>
    </SEOCOMPOTX>
    <SEOCOMPOTX>
     <CLSNAME>Z_SCM_BPS_ODATA</CLSNAME>
     <CMPNAME>TYS_A_CUSTOMER_TYPE</CMPNAME>
     <LANGU>E</LANGU>
     <DESCRIPT>A_CustomerType</DESCRIPT>
    </SEOCOMPOTX>
    <SEOCOMPOTX>
     <CLSNAME>Z_SCM_BPS_ODATA</CLSNAME>
     <CMPNAME>TYS_A_CUSTOMER_UNLOADING_POI_2</CMPNAME>
     <LANGU>E</LANGU>
     <DESCRIPT>A_CustomerUnloadingPointType</DESCRIPT>
    </SEOCOMPOTX>
    <SEOCOMPOTX>
     <CLSNAME>Z_SCM_BPS_ODATA</CLSNAME>
     <CMPNAME>TYS_A_CUSTOMER_WITH_HOLDING__2</CMPNAME>
     <LANGU>E</LANGU>
     <DESCRIPT>A_CustomerWithHoldingTaxType</DESCRIPT>
    </SEOCOMPOTX>
    <SEOCOMPOTX>
     <CLSNAME>Z_SCM_BPS_ODATA</CLSNAME>
     <CMPNAME>TYS_A_CUST_ADDR_DEPDNT_EXT_I_2</CMPNAME>
     <LANGU>E</LANGU>
     <DESCRIPT>A_CustAddrDepdntExtIdentifierType</DESCRIPT>
    </SEOCOMPOTX>
    <SEOCOMPOTX>
     <CLSNAME>Z_SCM_BPS_ODATA</CLSNAME>
     <CMPNAME>TYS_A_CUST_ADDR_DEPDNT_INFOR_2</CMPNAME>
     <LANGU>E</LANGU>
     <DESCRIPT>A_CustAddrDepdntInformationType</DESCRIPT>
    </SEOCOMPOTX>
    <SEOCOMPOTX>
     <CLSNAME>Z_SCM_BPS_ODATA</CLSNAME>
     <CMPNAME>TYS_A_CUST_SALES_PARTNER_FUN_2</CMPNAME>
     <LANGU>E</LANGU>
     <DESCRIPT>A_CustSalesPartnerFuncType</DESCRIPT>
    </SEOCOMPOTX>
    <SEOCOMPOTX>
     <CLSNAME>Z_SCM_BPS_ODATA</CLSNAME>
     <CMPNAME>TYS_A_CUST_SLS_AREA_ADDR_DEP_3</CMPNAME>
     <LANGU>E</LANGU>
     <DESCRIPT>A_CustSlsAreaAddrDepdntInfoType</DESCRIPT>
    </SEOCOMPOTX>
    <SEOCOMPOTX>
     <CLSNAME>Z_SCM_BPS_ODATA</CLSNAME>
     <CMPNAME>TYS_A_CUST_SLS_AREA_ADDR_DEP_4</CMPNAME>
     <LANGU>E</LANGU>
     <DESCRIPT>A_CustSlsAreaAddrDepdntTaxInfoType</DESCRIPT>
    </SEOCOMPOTX>
    <SEOCOMPOTX>
     <CLSNAME>Z_SCM_BPS_ODATA</CLSNAME>
     <CMPNAME>TYS_A_CUST_UNLDG_PT_ADDR_DEP_2</CMPNAME>
     <LANGU>E</LANGU>
     <DESCRIPT>A_CustUnldgPtAddrDepdntInfoType</DESCRIPT>
    </SEOCOMPOTX>
    <SEOCOMPOTX>
     <CLSNAME>Z_SCM_BPS_ODATA</CLSNAME>
     <CMPNAME>TYS_A_SUPPLIER_COMPANY_TEXT_TY</CMPNAME>
     <LANGU>E</LANGU>
     <DESCRIPT>A_SupplierCompanyTextType</DESCRIPT>
    </SEOCOMPOTX>
    <SEOCOMPOTX>
     <CLSNAME>Z_SCM_BPS_ODATA</CLSNAME>
     <CMPNAME>TYS_A_SUPPLIER_COMPANY_TYPE</CMPNAME>
     <LANGU>E</LANGU>
     <DESCRIPT>A_SupplierCompanyType</DESCRIPT>
    </SEOCOMPOTX>
    <SEOCOMPOTX>
     <CLSNAME>Z_SCM_BPS_ODATA</CLSNAME>
     <CMPNAME>TYS_A_SUPPLIER_DUNNING_TYPE</CMPNAME>
     <LANGU>E</LANGU>
     <DESCRIPT>A_SupplierDunningType</DESCRIPT>
    </SEOCOMPOTX>
    <SEOCOMPOTX>
     <CLSNAME>Z_SCM_BPS_ODATA</CLSNAME>
     <CMPNAME>TYS_A_SUPPLIER_PARTNER_FUNC_TY</CMPNAME>
     <LANGU>E</LANGU>
     <DESCRIPT>A_SupplierPartnerFuncType</DESCRIPT>
    </SEOCOMPOTX>
    <SEOCOMPOTX>
     <CLSNAME>Z_SCM_BPS_ODATA</CLSNAME>
     <CMPNAME>TYS_A_SUPPLIER_PURCHASING_OR_3</CMPNAME>
     <LANGU>E</LANGU>
     <DESCRIPT>A_SupplierPurchasingOrgType</DESCRIPT>
    </SEOCOMPOTX>
    <SEOCOMPOTX>
     <CLSNAME>Z_SCM_BPS_ODATA</CLSNAME>
     <CMPNAME>TYS_A_SUPPLIER_PURCHASING_OR_4</CMPNAME>
     <LANGU>E</LANGU>
     <DESCRIPT>A_SupplierPurchasingOrgTextType</DESCRIPT>
    </SEOCOMPOTX>
    <SEOCOMPOTX>
     <CLSNAME>Z_SCM_BPS_ODATA</CLSNAME>
     <CMPNAME>TYS_A_SUPPLIER_TEXT_TYPE</CMPNAME>
     <LANGU>E</LANGU>
     <DESCRIPT>A_SupplierTextType</DESCRIPT>
    </SEOCOMPOTX>
    <SEOCOMPOTX>
     <CLSNAME>Z_SCM_BPS_ODATA</CLSNAME>
     <CMPNAME>TYS_A_SUPPLIER_TYPE</CMPNAME>
     <LANGU>E</LANGU>
     <DESCRIPT>A_SupplierType</DESCRIPT>
    </SEOCOMPOTX>
    <SEOCOMPOTX>
     <CLSNAME>Z_SCM_BPS_ODATA</CLSNAME>
     <CMPNAME>TYS_A_SUPPLIER_WITH_HOLDING__2</CMPNAME>
     <LANGU>E</LANGU>
     <DESCRIPT>A_SupplierWithHoldingTaxType</DESCRIPT>
    </SEOCOMPOTX>
    <SEOCOMPOTX>
     <CLSNAME>Z_SCM_BPS_ODATA</CLSNAME>
     <CMPNAME>TYS_YY_1_SHIPMENT_0</CMPNAME>
     <LANGU>E</LANGU>
     <DESCRIPT>YY1_SHIPMENT0</DESCRIPT>
    </SEOCOMPOTX>
    <SEOCOMPOTX>
     <CLSNAME>Z_SCM_BPS_ODATA</CLSNAME>
     <CMPNAME>TYT_A_ADDRESS_EMAIL_ADDRESS_TY</CMPNAME>
     <LANGU>E</LANGU>
     <DESCRIPT>List of A_AddressEmailAddressType</DESCRIPT>
    </SEOCOMPOTX>
    <SEOCOMPOTX>
     <CLSNAME>Z_SCM_BPS_ODATA</CLSNAME>
     <CMPNAME>TYT_A_ADDRESS_FAX_NUMBER_TYPE</CMPNAME>
     <LANGU>E</LANGU>
     <DESCRIPT>List of A_AddressFaxNumberType</DESCRIPT>
    </SEOCOMPOTX>
    <SEOCOMPOTX>
     <CLSNAME>Z_SCM_BPS_ODATA</CLSNAME>
     <CMPNAME>TYT_A_ADDRESS_HOME_PAGE_URLTYP</CMPNAME>
     <LANGU>E</LANGU>
     <DESCRIPT>List of A_AddressHomePageURLType</DESCRIPT>
    </SEOCOMPOTX>
    <SEOCOMPOTX>
     <CLSNAME>Z_SCM_BPS_ODATA</CLSNAME>
     <CMPNAME>TYT_A_ADDRESS_PHONE_NUMBER_TYP</CMPNAME>
     <LANGU>E</LANGU>
     <DESCRIPT>List of A_AddressPhoneNumberType</DESCRIPT>
    </SEOCOMPOTX>
    <SEOCOMPOTX>
     <CLSNAME>Z_SCM_BPS_ODATA</CLSNAME>
     <CMPNAME>TYT_A_BPADDRESS_INDEPENDENT__2</CMPNAME>
     <LANGU>E</LANGU>
     <DESCRIPT>List of A_BPAddressIndependentEmailType</DESCRIPT>
    </SEOCOMPOTX>
    <SEOCOMPOTX>
     <CLSNAME>Z_SCM_BPS_ODATA</CLSNAME>
     <CMPNAME>TYT_A_BPADDRESS_INDEPENDENT__3</CMPNAME>
     <LANGU>E</LANGU>
     <DESCRIPT>List of A_BPAddressIndependentFaxType</DESCRIPT>
    </SEOCOMPOTX>
    <SEOCOMPOTX>
     <CLSNAME>Z_SCM_BPS_ODATA</CLSNAME>
     <CMPNAME>TYT_A_BPADDRESS_INDEPENDENT__4</CMPNAME>
     <LANGU>E</LANGU>
     <DESCRIPT>List of A_BPAddressIndependentMobileType</DESCRIPT>
    </SEOCOMPOTX>
    <SEOCOMPOTX>
     <CLSNAME>Z_SCM_BPS_ODATA</CLSNAME>
     <CMPNAME>TYT_A_BPADDRESS_INDEPENDENT__5</CMPNAME>
     <LANGU>E</LANGU>
     <DESCRIPT>List of A_BPAddressIndependentPhoneType</DESCRIPT>
    </SEOCOMPOTX>
    <SEOCOMPOTX>
     <CLSNAME>Z_SCM_BPS_ODATA</CLSNAME>
     <CMPNAME>TYT_A_BPADDRESS_INDEPENDENT__6</CMPNAME>
     <LANGU>E</LANGU>
     <DESCRIPT>List of A_BPAddressIndependentWebsiteType</DESCRIPT>
    </SEOCOMPOTX>
    <SEOCOMPOTX>
     <CLSNAME>Z_SCM_BPS_ODATA</CLSNAME>
     <CMPNAME>TYT_A_BPADDR_DEPDNT_INTL_LOC_2</CMPNAME>
     <LANGU>E</LANGU>
     <DESCRIPT>List of A_BPAddrDepdntIntlLocNumberType</DESCRIPT>
    </SEOCOMPOTX>
    <SEOCOMPOTX>
     <CLSNAME>Z_SCM_BPS_ODATA</CLSNAME>
     <CMPNAME>TYT_A_BPCONTACT_PERSON_EML_A_2</CMPNAME>
     <LANGU>E</LANGU>
     <DESCRIPT>List of A_BPContactPersonEmlAddrType</DESCRIPT>
    </SEOCOMPOTX>
    <SEOCOMPOTX>
     <CLSNAME>Z_SCM_BPS_ODATA</CLSNAME>
     <CMPNAME>TYT_A_BPCONTACT_PERSON_FAX_N_2</CMPNAME>
     <LANGU>E</LANGU>
     <DESCRIPT>List of A_BPContactPersonFaxNmbrType</DESCRIPT>
    </SEOCOMPOTX>
    <SEOCOMPOTX>
     <CLSNAME>Z_SCM_BPS_ODATA</CLSNAME>
     <CMPNAME>TYT_A_BPCONTACT_PERSON_MBL_N_2</CMPNAME>
     <LANGU>E</LANGU>
     <DESCRIPT>List of A_BPContactPersonMblNmbrType</DESCRIPT>
    </SEOCOMPOTX>
    <SEOCOMPOTX>
     <CLSNAME>Z_SCM_BPS_ODATA</CLSNAME>
     <CMPNAME>TYT_A_BPCONTACT_PERSON_TEL_N_2</CMPNAME>
     <LANGU>E</LANGU>
     <DESCRIPT>List of A_BPContactPersonTelNmbrType</DESCRIPT>
    </SEOCOMPOTX>
    <SEOCOMPOTX>
     <CLSNAME>Z_SCM_BPS_ODATA</CLSNAME>
     <CMPNAME>TYT_A_BPCONTACT_PERSON_WBSTE_2</CMPNAME>
     <LANGU>E</LANGU>
     <DESCRIPT>List of A_BPContactPersonWbsteURLType</DESCRIPT>
    </SEOCOMPOTX>
    <SEOCOMPOTX>
     <CLSNAME>Z_SCM_BPS_ODATA</CLSNAME>
     <CMPNAME>TYT_A_BPCONTACT_TO_ADDRESS_TYP</CMPNAME>
     <LANGU>E</LANGU>
     <DESCRIPT>List of A_BPContactToAddressType</DESCRIPT>
    </SEOCOMPOTX>
    <SEOCOMPOTX>
     <CLSNAME>Z_SCM_BPS_ODATA</CLSNAME>
     <CMPNAME>TYT_A_BPCONTACT_TO_FUNC_AND__2</CMPNAME>
     <LANGU>E</LANGU>
     <DESCRIPT>List of A_BPContactToFuncAndDeptType</DESCRIPT>
    </SEOCOMPOTX>
    <SEOCOMPOTX>
     <CLSNAME>Z_SCM_BPS_ODATA</CLSNAME>
     <CMPNAME>TYT_A_BPCREDIT_WORTHINESS_TYPE</CMPNAME>
     <LANGU>E</LANGU>
     <DESCRIPT>List of A_BPCreditWorthinessType</DESCRIPT>
    </SEOCOMPOTX>
    <SEOCOMPOTX>
     <CLSNAME>Z_SCM_BPS_ODATA</CLSNAME>
     <CMPNAME>TYT_A_BPDATA_CONTROLLER_TYPE</CMPNAME>
     <LANGU>E</LANGU>
     <DESCRIPT>List of A_BPDataControllerType</DESCRIPT>
    </SEOCOMPOTX>
    <SEOCOMPOTX>
     <CLSNAME>Z_SCM_BPS_ODATA</CLSNAME>
     <CMPNAME>TYT_A_BPEMPLOYMENT_TYPE</CMPNAME>
     <LANGU>E</LANGU>
     <DESCRIPT>List of A_BPEmploymentType</DESCRIPT>
    </SEOCOMPOTX>
    <SEOCOMPOTX>
     <CLSNAME>Z_SCM_BPS_ODATA</CLSNAME>
     <CMPNAME>TYT_A_BPFINANCIAL_SERVICES_E_2</CMPNAME>
     <LANGU>E</LANGU>
     <DESCRIPT>List of A_BPFinancialServicesExtnType</DESCRIPT>
    </SEOCOMPOTX>
    <SEOCOMPOTX>
     <CLSNAME>Z_SCM_BPS_ODATA</CLSNAME>
     <CMPNAME>TYT_A_BPFINANCIAL_SERVICES_R_2</CMPNAME>
     <LANGU>E</LANGU>
     <DESCRIPT>List of A_BPFinancialServicesReportingType</DESCRIPT>
    </SEOCOMPOTX>
    <SEOCOMPOTX>
     <CLSNAME>Z_SCM_BPS_ODATA</CLSNAME>
     <CMPNAME>TYT_A_BPFISCAL_YEAR_INFORMAT_2</CMPNAME>
     <LANGU>E</LANGU>
     <DESCRIPT>List of A_BPFiscalYearInformationType</DESCRIPT>
    </SEOCOMPOTX>
    <SEOCOMPOTX>
     <CLSNAME>Z_SCM_BPS_ODATA</CLSNAME>
     <CMPNAME>TYT_A_BPINTL_ADDRESS_VERSION_T</CMPNAME>
     <LANGU>E</LANGU>
     <DESCRIPT>List of A_BPIntlAddressVersionType</DESCRIPT>
    </SEOCOMPOTX>
    <SEOCOMPOTX>
     <CLSNAME>Z_SCM_BPS_ODATA</CLSNAME>
     <CMPNAME>TYT_A_BPRELATIONSHIP_TYPE</CMPNAME>
     <LANGU>E</LANGU>
     <DESCRIPT>List of A_BPRelationshipType</DESCRIPT>
    </SEOCOMPOTX>
    <SEOCOMPOTX>
     <CLSNAME>Z_SCM_BPS_ODATA</CLSNAME>
     <CMPNAME>TYT_A_BUSINESS_PARTNER_ADDRE_2</CMPNAME>
     <LANGU>E</LANGU>
     <DESCRIPT>List of A_BusinessPartnerAddressType</DESCRIPT>
    </SEOCOMPOTX>
    <SEOCOMPOTX>
     <CLSNAME>Z_SCM_BPS_ODATA</CLSNAME>
     <CMPNAME>TYT_A_BUSINESS_PARTNER_ALIAS_T</CMPNAME>
     <LANGU>E</LANGU>
     <DESCRIPT>List of A_BusinessPartnerAliasType</DESCRIPT>
    </SEOCOMPOTX>
    <SEOCOMPOTX>
     <CLSNAME>Z_SCM_BPS_ODATA</CLSNAME>
     <CMPNAME>TYT_A_BUSINESS_PARTNER_BANK_TY</CMPNAME>
     <LANGU>E</LANGU>
     <DESCRIPT>List of A_BusinessPartnerBankType</DESCRIPT>
    </SEOCOMPOTX>
    <SEOCOMPOTX>
     <CLSNAME>Z_SCM_BPS_ODATA</CLSNAME>
     <CMPNAME>TYT_A_BUSINESS_PARTNER_CONTA_2</CMPNAME>
     <LANGU>E</LANGU>
     <DESCRIPT>List of A_BusinessPartnerContactType</DESCRIPT>
    </SEOCOMPOTX>
    <SEOCOMPOTX>
     <CLSNAME>Z_SCM_BPS_ODATA</CLSNAME>
     <CMPNAME>TYT_A_BUSINESS_PARTNER_IS_BA_2</CMPNAME>
     <LANGU>E</LANGU>
     <DESCRIPT>List of A_BusinessPartnerIsBankType</DESCRIPT>
    </SEOCOMPOTX>
    <SEOCOMPOTX>
     <CLSNAME>Z_SCM_BPS_ODATA</CLSNAME>
     <CMPNAME>TYT_A_BUSINESS_PARTNER_PAYME_2</CMPNAME>
     <LANGU>E</LANGU>
     <DESCRIPT>List of A_BusinessPartnerPaymentCardType</DESCRIPT>
    </SEOCOMPOTX>
    <SEOCOMPOTX>
     <CLSNAME>Z_SCM_BPS_ODATA</CLSNAME>
     <CMPNAME>TYT_A_BUSINESS_PARTNER_RATIN_2</CMPNAME>
     <LANGU>E</LANGU>
     <DESCRIPT>List of A_BusinessPartnerRatingType</DESCRIPT>
    </SEOCOMPOTX>
    <SEOCOMPOTX>
     <CLSNAME>Z_SCM_BPS_ODATA</CLSNAME>
     <CMPNAME>TYT_A_BUSINESS_PARTNER_ROLE_TY</CMPNAME>
     <LANGU>E</LANGU>
     <DESCRIPT>List of A_BusinessPartnerRoleType</DESCRIPT>
    </SEOCOMPOTX>
    <SEOCOMPOTX>
     <CLSNAME>Z_SCM_BPS_ODATA</CLSNAME>
     <CMPNAME>TYT_A_BUSINESS_PARTNER_TAX_N_2</CMPNAME>
     <LANGU>E</LANGU>
     <DESCRIPT>List of A_BusinessPartnerTaxNumberType</DESCRIPT>
    </SEOCOMPOTX>
    <SEOCOMPOTX>
     <CLSNAME>Z_SCM_BPS_ODATA</CLSNAME>
     <CMPNAME>TYT_A_BUSINESS_PARTNER_TYPE</CMPNAME>
     <LANGU>E</LANGU>
     <DESCRIPT>List of A_BusinessPartnerType</DESCRIPT>
    </SEOCOMPOTX>
    <SEOCOMPOTX>
     <CLSNAME>Z_SCM_BPS_ODATA</CLSNAME>
     <CMPNAME>TYT_A_BUS_PART_ADDR_DEPDNT_T_2</CMPNAME>
     <LANGU>E</LANGU>
     <DESCRIPT>List of A_BusPartAddrDepdntTaxNmbrType</DESCRIPT>
    </SEOCOMPOTX>
    <SEOCOMPOTX>
     <CLSNAME>Z_SCM_BPS_ODATA</CLSNAME>
     <CMPNAME>TYT_A_BU_PA_ADDRESS_USAGE_TYPE</CMPNAME>
     <LANGU>E</LANGU>
     <DESCRIPT>List of A_BuPaAddressUsageType</DESCRIPT>
    </SEOCOMPOTX>
    <SEOCOMPOTX>
     <CLSNAME>Z_SCM_BPS_ODATA</CLSNAME>
     <CMPNAME>TYT_A_BU_PA_IDENTIFICATION_TYP</CMPNAME>
     <LANGU>E</LANGU>
     <DESCRIPT>List of A_BuPaIdentificationType</DESCRIPT>
    </SEOCOMPOTX>
    <SEOCOMPOTX>
     <CLSNAME>Z_SCM_BPS_ODATA</CLSNAME>
     <CMPNAME>TYT_A_BU_PA_INDUSTRY_TYPE</CMPNAME>
     <LANGU>E</LANGU>
     <DESCRIPT>List of A_BuPaIndustryType</DESCRIPT>
    </SEOCOMPOTX>
    <SEOCOMPOTX>
     <CLSNAME>Z_SCM_BPS_ODATA</CLSNAME>
     <CMPNAME>TYT_A_CUSTOMER_COMPANY_TEXT_TY</CMPNAME>
     <LANGU>E</LANGU>
     <DESCRIPT>List of A_CustomerCompanyTextType</DESCRIPT>
    </SEOCOMPOTX>
    <SEOCOMPOTX>
     <CLSNAME>Z_SCM_BPS_ODATA</CLSNAME>
     <CMPNAME>TYT_A_CUSTOMER_COMPANY_TYPE</CMPNAME>
     <LANGU>E</LANGU>
     <DESCRIPT>List of A_CustomerCompanyType</DESCRIPT>
    </SEOCOMPOTX>
    <SEOCOMPOTX>
     <CLSNAME>Z_SCM_BPS_ODATA</CLSNAME>
     <CMPNAME>TYT_A_CUSTOMER_DUNNING_TYPE</CMPNAME>
     <LANGU>E</LANGU>
     <DESCRIPT>List of A_CustomerDunningType</DESCRIPT>
    </SEOCOMPOTX>
    <SEOCOMPOTX>
     <CLSNAME>Z_SCM_BPS_ODATA</CLSNAME>
     <CMPNAME>TYT_A_CUSTOMER_SALES_AREA_TA_2</CMPNAME>
     <LANGU>E</LANGU>
     <DESCRIPT>List of A_CustomerSalesAreaTaxType</DESCRIPT>
    </SEOCOMPOTX>
    <SEOCOMPOTX>
     <CLSNAME>Z_SCM_BPS_ODATA</CLSNAME>
     <CMPNAME>TYT_A_CUSTOMER_SALES_AREA_TE_2</CMPNAME>
     <LANGU>E</LANGU>
     <DESCRIPT>List of A_CustomerSalesAreaTextType</DESCRIPT>
    </SEOCOMPOTX>
    <SEOCOMPOTX>
     <CLSNAME>Z_SCM_BPS_ODATA</CLSNAME>
     <CMPNAME>TYT_A_CUSTOMER_SALES_AREA_TYPE</CMPNAME>
     <LANGU>E</LANGU>
     <DESCRIPT>List of A_CustomerSalesAreaType</DESCRIPT>
    </SEOCOMPOTX>
    <SEOCOMPOTX>
     <CLSNAME>Z_SCM_BPS_ODATA</CLSNAME>
     <CMPNAME>TYT_A_CUSTOMER_TAX_GROUPING_TY</CMPNAME>
     <LANGU>E</LANGU>
     <DESCRIPT>List of A_CustomerTaxGroupingType</DESCRIPT>
    </SEOCOMPOTX>
    <SEOCOMPOTX>
     <CLSNAME>Z_SCM_BPS_ODATA</CLSNAME>
     <CMPNAME>TYT_A_CUSTOMER_TEXT_TYPE</CMPNAME>
     <LANGU>E</LANGU>
     <DESCRIPT>List of A_CustomerTextType</DESCRIPT>
    </SEOCOMPOTX>
    <SEOCOMPOTX>
     <CLSNAME>Z_SCM_BPS_ODATA</CLSNAME>
     <CMPNAME>TYT_A_CUSTOMER_TYPE</CMPNAME>
     <LANGU>E</LANGU>
     <DESCRIPT>List of A_CustomerType</DESCRIPT>
    </SEOCOMPOTX>
    <SEOCOMPOTX>
     <CLSNAME>Z_SCM_BPS_ODATA</CLSNAME>
     <CMPNAME>TYT_A_CUSTOMER_UNLOADING_POI_2</CMPNAME>
     <LANGU>E</LANGU>
     <DESCRIPT>List of A_CustomerUnloadingPointType</DESCRIPT>
    </SEOCOMPOTX>
    <SEOCOMPOTX>
     <CLSNAME>Z_SCM_BPS_ODATA</CLSNAME>
     <CMPNAME>TYT_A_CUSTOMER_WITH_HOLDING__2</CMPNAME>
     <LANGU>E</LANGU>
     <DESCRIPT>List of A_CustomerWithHoldingTaxType</DESCRIPT>
    </SEOCOMPOTX>
    <SEOCOMPOTX>
     <CLSNAME>Z_SCM_BPS_ODATA</CLSNAME>
     <CMPNAME>TYT_A_CUST_ADDR_DEPDNT_EXT_I_2</CMPNAME>
     <LANGU>E</LANGU>
     <DESCRIPT>List of A_CustAddrDepdntExtIdentifierType</DESCRIPT>
    </SEOCOMPOTX>
    <SEOCOMPOTX>
     <CLSNAME>Z_SCM_BPS_ODATA</CLSNAME>
     <CMPNAME>TYT_A_CUST_ADDR_DEPDNT_INFOR_2</CMPNAME>
     <LANGU>E</LANGU>
     <DESCRIPT>List of A_CustAddrDepdntInformationType</DESCRIPT>
    </SEOCOMPOTX>
    <SEOCOMPOTX>
     <CLSNAME>Z_SCM_BPS_ODATA</CLSNAME>
     <CMPNAME>TYT_A_CUST_SALES_PARTNER_FUN_2</CMPNAME>
     <LANGU>E</LANGU>
     <DESCRIPT>List of A_CustSalesPartnerFuncType</DESCRIPT>
    </SEOCOMPOTX>
    <SEOCOMPOTX>
     <CLSNAME>Z_SCM_BPS_ODATA</CLSNAME>
     <CMPNAME>TYT_A_CUST_SLS_AREA_ADDR_DEP_3</CMPNAME>
     <LANGU>E</LANGU>
     <DESCRIPT>List of A_CustSlsAreaAddrDepdntInfoType</DESCRIPT>
    </SEOCOMPOTX>
    <SEOCOMPOTX>
     <CLSNAME>Z_SCM_BPS_ODATA</CLSNAME>
     <CMPNAME>TYT_A_CUST_SLS_AREA_ADDR_DEP_4</CMPNAME>
     <LANGU>E</LANGU>
     <DESCRIPT>List of A_CustSlsAreaAddrDepdntTaxInfoType</DESCRIPT>
    </SEOCOMPOTX>
    <SEOCOMPOTX>
     <CLSNAME>Z_SCM_BPS_ODATA</CLSNAME>
     <CMPNAME>TYT_A_CUST_UNLDG_PT_ADDR_DEP_2</CMPNAME>
     <LANGU>E</LANGU>
     <DESCRIPT>List of A_CustUnldgPtAddrDepdntInfoType</DESCRIPT>
    </SEOCOMPOTX>
    <SEOCOMPOTX>
     <CLSNAME>Z_SCM_BPS_ODATA</CLSNAME>
     <CMPNAME>TYT_A_SUPPLIER_COMPANY_TEXT_TY</CMPNAME>
     <LANGU>E</LANGU>
     <DESCRIPT>List of A_SupplierCompanyTextType</DESCRIPT>
    </SEOCOMPOTX>
    <SEOCOMPOTX>
     <CLSNAME>Z_SCM_BPS_ODATA</CLSNAME>
     <CMPNAME>TYT_A_SUPPLIER_COMPANY_TYPE</CMPNAME>
     <LANGU>E</LANGU>
     <DESCRIPT>List of A_SupplierCompanyType</DESCRIPT>
    </SEOCOMPOTX>
    <SEOCOMPOTX>
     <CLSNAME>Z_SCM_BPS_ODATA</CLSNAME>
     <CMPNAME>TYT_A_SUPPLIER_DUNNING_TYPE</CMPNAME>
     <LANGU>E</LANGU>
     <DESCRIPT>List of A_SupplierDunningType</DESCRIPT>
    </SEOCOMPOTX>
    <SEOCOMPOTX>
     <CLSNAME>Z_SCM_BPS_ODATA</CLSNAME>
     <CMPNAME>TYT_A_SUPPLIER_PARTNER_FUNC_TY</CMPNAME>
     <LANGU>E</LANGU>
     <DESCRIPT>List of A_SupplierPartnerFuncType</DESCRIPT>
    </SEOCOMPOTX>
    <SEOCOMPOTX>
     <CLSNAME>Z_SCM_BPS_ODATA</CLSNAME>
     <CMPNAME>TYT_A_SUPPLIER_PURCHASING_OR_3</CMPNAME>
     <LANGU>E</LANGU>
     <DESCRIPT>List of A_SupplierPurchasingOrgType</DESCRIPT>
    </SEOCOMPOTX>
    <SEOCOMPOTX>
     <CLSNAME>Z_SCM_BPS_ODATA</CLSNAME>
     <CMPNAME>TYT_A_SUPPLIER_PURCHASING_OR_4</CMPNAME>
     <LANGU>E</LANGU>
     <DESCRIPT>List of A_SupplierPurchasingOrgTextType</DESCRIPT>
    </SEOCOMPOTX>
    <SEOCOMPOTX>
     <CLSNAME>Z_SCM_BPS_ODATA</CLSNAME>
     <CMPNAME>TYT_A_SUPPLIER_TEXT_TYPE</CMPNAME>
     <LANGU>E</LANGU>
     <DESCRIPT>List of A_SupplierTextType</DESCRIPT>
    </SEOCOMPOTX>
    <SEOCOMPOTX>
     <CLSNAME>Z_SCM_BPS_ODATA</CLSNAME>
     <CMPNAME>TYT_A_SUPPLIER_TYPE</CMPNAME>
     <LANGU>E</LANGU>
     <DESCRIPT>List of A_SupplierType</DESCRIPT>
    </SEOCOMPOTX>
    <SEOCOMPOTX>
     <CLSNAME>Z_SCM_BPS_ODATA</CLSNAME>
     <CMPNAME>TYT_A_SUPPLIER_WITH_HOLDING__2</CMPNAME>
     <LANGU>E</LANGU>
     <DESCRIPT>List of A_SupplierWithHoldingTaxType</DESCRIPT>
    </SEOCOMPOTX>
    <SEOCOMPOTX>
     <CLSNAME>Z_SCM_BPS_ODATA</CLSNAME>
     <CMPNAME>TYT_YY_1_SHIPMENT_0</CMPNAME>
     <LANGU>E</LANGU>
     <DESCRIPT>List of YY1_SHIPMENT0</DESCRIPT>
    </SEOCOMPOTX>
   </DESCRIPTIONS>
   <DESCRIPTIONS_SUB>
    <SEOSUBCOTX>
     <CMPNAME>DEF_A_ADDRESS_EMAIL_ADDRESS_TY</CMPNAME>
     <SCONAME>/IWBEP/CX_GATEWAY</SCONAME>
     <LANGU>E</LANGU>
     <DESCRIPT>Gateway Exception</DESCRIPT>
    </SEOSUBCOTX>
    <SEOSUBCOTX>
     <CMPNAME>DEF_A_ADDRESS_FAX_NUMBER_TYPE</CMPNAME>
     <SCONAME>/IWBEP/CX_GATEWAY</SCONAME>
     <LANGU>E</LANGU>
     <DESCRIPT>Gateway Exception</DESCRIPT>
    </SEOSUBCOTX>
    <SEOSUBCOTX>
     <CMPNAME>DEF_A_ADDRESS_HOME_PAGE_URLTYP</CMPNAME>
     <SCONAME>/IWBEP/CX_GATEWAY</SCONAME>
     <LANGU>E</LANGU>
     <DESCRIPT>Gateway Exception</DESCRIPT>
    </SEOSUBCOTX>
    <SEOSUBCOTX>
     <CMPNAME>DEF_A_ADDRESS_PHONE_NUMBER_TYP</CMPNAME>
     <SCONAME>/IWBEP/CX_GATEWAY</SCONAME>
     <LANGU>E</LANGU>
     <DESCRIPT>Gateway Exception</DESCRIPT>
    </SEOSUBCOTX>
    <SEOSUBCOTX>
     <CMPNAME>DEF_A_BPADDRESS_INDEPENDENT__2</CMPNAME>
     <SCONAME>/IWBEP/CX_GATEWAY</SCONAME>
     <LANGU>E</LANGU>
     <DESCRIPT>Gateway Exception</DESCRIPT>
    </SEOSUBCOTX>
    <SEOSUBCOTX>
     <CMPNAME>DEF_A_BPADDRESS_INDEPENDENT__3</CMPNAME>
     <SCONAME>/IWBEP/CX_GATEWAY</SCONAME>
     <LANGU>E</LANGU>
     <DESCRIPT>Gateway Exception</DESCRIPT>
    </SEOSUBCOTX>
    <SEOSUBCOTX>
     <CMPNAME>DEF_A_BPADDRESS_INDEPENDENT__4</CMPNAME>
     <SCONAME>/IWBEP/CX_GATEWAY</SCONAME>
     <LANGU>E</LANGU>
     <DESCRIPT>Gateway Exception</DESCRIPT>
    </SEOSUBCOTX>
    <SEOSUBCOTX>
     <CMPNAME>DEF_A_BPADDRESS_INDEPENDENT__5</CMPNAME>
     <SCONAME>/IWBEP/CX_GATEWAY</SCONAME>
     <LANGU>E</LANGU>
     <DESCRIPT>Gateway Exception</DESCRIPT>
    </SEOSUBCOTX>
    <SEOSUBCOTX>
     <CMPNAME>DEF_A_BPADDRESS_INDEPENDENT__6</CMPNAME>
     <SCONAME>/IWBEP/CX_GATEWAY</SCONAME>
     <LANGU>E</LANGU>
     <DESCRIPT>Gateway Exception</DESCRIPT>
    </SEOSUBCOTX>
    <SEOSUBCOTX>
     <CMPNAME>DEF_A_BPADDR_DEPDNT_INTL_LOC_2</CMPNAME>
     <SCONAME>/IWBEP/CX_GATEWAY</SCONAME>
     <LANGU>E</LANGU>
     <DESCRIPT>Gateway Exception</DESCRIPT>
    </SEOSUBCOTX>
    <SEOSUBCOTX>
     <CMPNAME>DEF_A_BPCONTACT_PERSON_EML_A_2</CMPNAME>
     <SCONAME>/IWBEP/CX_GATEWAY</SCONAME>
     <LANGU>E</LANGU>
     <DESCRIPT>Gateway Exception</DESCRIPT>
    </SEOSUBCOTX>
    <SEOSUBCOTX>
     <CMPNAME>DEF_A_BPCONTACT_PERSON_FAX_N_2</CMPNAME>
     <SCONAME>/IWBEP/CX_GATEWAY</SCONAME>
     <LANGU>E</LANGU>
     <DESCRIPT>Gateway Exception</DESCRIPT>
    </SEOSUBCOTX>
    <SEOSUBCOTX>
     <CMPNAME>DEF_A_BPCONTACT_PERSON_MBL_N_2</CMPNAME>
     <SCONAME>/IWBEP/CX_GATEWAY</SCONAME>
     <LANGU>E</LANGU>
     <DESCRIPT>Gateway Exception</DESCRIPT>
    </SEOSUBCOTX>
    <SEOSUBCOTX>
     <CMPNAME>DEF_A_BPCONTACT_PERSON_TEL_N_2</CMPNAME>
     <SCONAME>/IWBEP/CX_GATEWAY</SCONAME>
     <LANGU>E</LANGU>
     <DESCRIPT>Gateway Exception</DESCRIPT>
    </SEOSUBCOTX>
    <SEOSUBCOTX>
     <CMPNAME>DEF_A_BPCONTACT_PERSON_WBSTE_2</CMPNAME>
     <SCONAME>/IWBEP/CX_GATEWAY</SCONAME>
     <LANGU>E</LANGU>
     <DESCRIPT>Gateway Exception</DESCRIPT>
    </SEOSUBCOTX>
    <SEOSUBCOTX>
     <CMPNAME>DEF_A_BPCONTACT_TO_ADDRESS_TYP</CMPNAME>
     <SCONAME>/IWBEP/CX_GATEWAY</SCONAME>
     <LANGU>E</LANGU>
     <DESCRIPT>Gateway Exception</DESCRIPT>
    </SEOSUBCOTX>
    <SEOSUBCOTX>
     <CMPNAME>DEF_A_BPCONTACT_TO_FUNC_AND__2</CMPNAME>
     <SCONAME>/IWBEP/CX_GATEWAY</SCONAME>
     <LANGU>E</LANGU>
     <DESCRIPT>Gateway Exception</DESCRIPT>
    </SEOSUBCOTX>
    <SEOSUBCOTX>
     <CMPNAME>DEF_A_BPCREDIT_WORTHINESS_TYPE</CMPNAME>
     <SCONAME>/IWBEP/CX_GATEWAY</SCONAME>
     <LANGU>E</LANGU>
     <DESCRIPT>Gateway Exception</DESCRIPT>
    </SEOSUBCOTX>
    <SEOSUBCOTX>
     <CMPNAME>DEF_A_BPDATA_CONTROLLER_TYPE</CMPNAME>
     <SCONAME>/IWBEP/CX_GATEWAY</SCONAME>
     <LANGU>E</LANGU>
     <DESCRIPT>Gateway Exception</DESCRIPT>
    </SEOSUBCOTX>
    <SEOSUBCOTX>
     <CMPNAME>DEF_A_BPEMPLOYMENT_TYPE</CMPNAME>
     <SCONAME>/IWBEP/CX_GATEWAY</SCONAME>
     <LANGU>E</LANGU>
     <DESCRIPT>Gateway Exception</DESCRIPT>
    </SEOSUBCOTX>
    <SEOSUBCOTX>
     <CMPNAME>DEF_A_BPFINANCIAL_SERVICES_E_2</CMPNAME>
     <SCONAME>/IWBEP/CX_GATEWAY</SCONAME>
     <LANGU>E</LANGU>
     <DESCRIPT>Gateway Exception</DESCRIPT>
    </SEOSUBCOTX>
    <SEOSUBCOTX>
     <CMPNAME>DEF_A_BPFINANCIAL_SERVICES_R_2</CMPNAME>
     <SCONAME>/IWBEP/CX_GATEWAY</SCONAME>
     <LANGU>E</LANGU>
     <DESCRIPT>Gateway Exception</DESCRIPT>
    </SEOSUBCOTX>
    <SEOSUBCOTX>
     <CMPNAME>DEF_A_BPFISCAL_YEAR_INFORMAT_2</CMPNAME>
     <SCONAME>/IWBEP/CX_GATEWAY</SCONAME>
     <LANGU>E</LANGU>
     <DESCRIPT>Gateway Exception</DESCRIPT>
    </SEOSUBCOTX>
    <SEOSUBCOTX>
     <CMPNAME>DEF_A_BPINTL_ADDRESS_VERSION_T</CMPNAME>
     <SCONAME>/IWBEP/CX_GATEWAY</SCONAME>
     <LANGU>E</LANGU>
     <DESCRIPT>Gateway Exception</DESCRIPT>
    </SEOSUBCOTX>
    <SEOSUBCOTX>
     <CMPNAME>DEF_A_BPRELATIONSHIP_TYPE</CMPNAME>
     <SCONAME>/IWBEP/CX_GATEWAY</SCONAME>
     <LANGU>E</LANGU>
     <DESCRIPT>Gateway Exception</DESCRIPT>
    </SEOSUBCOTX>
    <SEOSUBCOTX>
     <CMPNAME>DEF_A_BUSINESS_PARTNER_ADDRE_2</CMPNAME>
     <SCONAME>/IWBEP/CX_GATEWAY</SCONAME>
     <LANGU>E</LANGU>
     <DESCRIPT>Gateway Exception</DESCRIPT>
    </SEOSUBCOTX>
    <SEOSUBCOTX>
     <CMPNAME>DEF_A_BUSINESS_PARTNER_ALIAS_T</CMPNAME>
     <SCONAME>/IWBEP/CX_GATEWAY</SCONAME>
     <LANGU>E</LANGU>
     <DESCRIPT>Gateway Exception</DESCRIPT>
    </SEOSUBCOTX>
    <SEOSUBCOTX>
     <CMPNAME>DEF_A_BUSINESS_PARTNER_BANK_TY</CMPNAME>
     <SCONAME>/IWBEP/CX_GATEWAY</SCONAME>
     <LANGU>E</LANGU>
     <DESCRIPT>Gateway Exception</DESCRIPT>
    </SEOSUBCOTX>
    <SEOSUBCOTX>
     <CMPNAME>DEF_A_BUSINESS_PARTNER_CONTA_2</CMPNAME>
     <SCONAME>/IWBEP/CX_GATEWAY</SCONAME>
     <LANGU>E</LANGU>
     <DESCRIPT>Gateway Exception</DESCRIPT>
    </SEOSUBCOTX>
    <SEOSUBCOTX>
     <CMPNAME>DEF_A_BUSINESS_PARTNER_IS_BA_2</CMPNAME>
     <SCONAME>/IWBEP/CX_GATEWAY</SCONAME>
     <LANGU>E</LANGU>
     <DESCRIPT>Gateway Exception</DESCRIPT>
    </SEOSUBCOTX>
    <SEOSUBCOTX>
     <CMPNAME>DEF_A_BUSINESS_PARTNER_PAYME_2</CMPNAME>
     <SCONAME>/IWBEP/CX_GATEWAY</SCONAME>
     <LANGU>E</LANGU>
     <DESCRIPT>Gateway Exception</DESCRIPT>
    </SEOSUBCOTX>
    <SEOSUBCOTX>
     <CMPNAME>DEF_A_BUSINESS_PARTNER_RATIN_2</CMPNAME>
     <SCONAME>/IWBEP/CX_GATEWAY</SCONAME>
     <LANGU>E</LANGU>
     <DESCRIPT>Gateway Exception</DESCRIPT>
    </SEOSUBCOTX>
    <SEOSUBCOTX>
     <CMPNAME>DEF_A_BUSINESS_PARTNER_ROLE_TY</CMPNAME>
     <SCONAME>/IWBEP/CX_GATEWAY</SCONAME>
     <LANGU>E</LANGU>
     <DESCRIPT>Gateway Exception</DESCRIPT>
    </SEOSUBCOTX>
    <SEOSUBCOTX>
     <CMPNAME>DEF_A_BUSINESS_PARTNER_TAX_N_2</CMPNAME>
     <SCONAME>/IWBEP/CX_GATEWAY</SCONAME>
     <LANGU>E</LANGU>
     <DESCRIPT>Gateway Exception</DESCRIPT>
    </SEOSUBCOTX>
    <SEOSUBCOTX>
     <CMPNAME>DEF_A_BUSINESS_PARTNER_TYPE</CMPNAME>
     <SCONAME>/IWBEP/CX_GATEWAY</SCONAME>
     <LANGU>E</LANGU>
     <DESCRIPT>Gateway Exception</DESCRIPT>
    </SEOSUBCOTX>
    <SEOSUBCOTX>
     <CMPNAME>DEF_A_BUS_PART_ADDR_DEPDNT_T_2</CMPNAME>
     <SCONAME>/IWBEP/CX_GATEWAY</SCONAME>
     <LANGU>E</LANGU>
     <DESCRIPT>Gateway Exception</DESCRIPT>
    </SEOSUBCOTX>
    <SEOSUBCOTX>
     <CMPNAME>DEF_A_BU_PA_ADDRESS_USAGE_TYPE</CMPNAME>
     <SCONAME>/IWBEP/CX_GATEWAY</SCONAME>
     <LANGU>E</LANGU>
     <DESCRIPT>Gateway Exception</DESCRIPT>
    </SEOSUBCOTX>
    <SEOSUBCOTX>
     <CMPNAME>DEF_A_BU_PA_IDENTIFICATION_TYP</CMPNAME>
     <SCONAME>/IWBEP/CX_GATEWAY</SCONAME>
     <LANGU>E</LANGU>
     <DESCRIPT>Gateway Exception</DESCRIPT>
    </SEOSUBCOTX>
    <SEOSUBCOTX>
     <CMPNAME>DEF_A_BU_PA_INDUSTRY_TYPE</CMPNAME>
     <SCONAME>/IWBEP/CX_GATEWAY</SCONAME>
     <LANGU>E</LANGU>
     <DESCRIPT>Gateway Exception</DESCRIPT>
    </SEOSUBCOTX>
    <SEOSUBCOTX>
     <CMPNAME>DEF_A_CUSTOMER_COMPANY_TEXT_TY</CMPNAME>
     <SCONAME>/IWBEP/CX_GATEWAY</SCONAME>
     <LANGU>E</LANGU>
     <DESCRIPT>Gateway Exception</DESCRIPT>
    </SEOSUBCOTX>
    <SEOSUBCOTX>
     <CMPNAME>DEF_A_CUSTOMER_COMPANY_TYPE</CMPNAME>
     <SCONAME>/IWBEP/CX_GATEWAY</SCONAME>
     <LANGU>E</LANGU>
     <DESCRIPT>Gateway Exception</DESCRIPT>
    </SEOSUBCOTX>
    <SEOSUBCOTX>
     <CMPNAME>DEF_A_CUSTOMER_DUNNING_TYPE</CMPNAME>
     <SCONAME>/IWBEP/CX_GATEWAY</SCONAME>
     <LANGU>E</LANGU>
     <DESCRIPT>Gateway Exception</DESCRIPT>
    </SEOSUBCOTX>
    <SEOSUBCOTX>
     <CMPNAME>DEF_A_CUSTOMER_SALES_AREA_TA_2</CMPNAME>
     <SCONAME>/IWBEP/CX_GATEWAY</SCONAME>
     <LANGU>E</LANGU>
     <DESCRIPT>Gateway Exception</DESCRIPT>
    </SEOSUBCOTX>
    <SEOSUBCOTX>
     <CMPNAME>DEF_A_CUSTOMER_SALES_AREA_TE_2</CMPNAME>
     <SCONAME>/IWBEP/CX_GATEWAY</SCONAME>
     <LANGU>E</LANGU>
     <DESCRIPT>Gateway Exception</DESCRIPT>
    </SEOSUBCOTX>
    <SEOSUBCOTX>
     <CMPNAME>DEF_A_CUSTOMER_SALES_AREA_TYPE</CMPNAME>
     <SCONAME>/IWBEP/CX_GATEWAY</SCONAME>
     <LANGU>E</LANGU>
     <DESCRIPT>Gateway Exception</DESCRIPT>
    </SEOSUBCOTX>
    <SEOSUBCOTX>
     <CMPNAME>DEF_A_CUSTOMER_TAX_GROUPING_TY</CMPNAME>
     <SCONAME>/IWBEP/CX_GATEWAY</SCONAME>
     <LANGU>E</LANGU>
     <DESCRIPT>Gateway Exception</DESCRIPT>
    </SEOSUBCOTX>
    <SEOSUBCOTX>
     <CMPNAME>DEF_A_CUSTOMER_TEXT_TYPE</CMPNAME>
     <SCONAME>/IWBEP/CX_GATEWAY</SCONAME>
     <LANGU>E</LANGU>
     <DESCRIPT>Gateway Exception</DESCRIPT>
    </SEOSUBCOTX>
    <SEOSUBCOTX>
     <CMPNAME>DEF_A_CUSTOMER_TYPE</CMPNAME>
     <SCONAME>/IWBEP/CX_GATEWAY</SCONAME>
     <LANGU>E</LANGU>
     <DESCRIPT>Gateway Exception</DESCRIPT>
    </SEOSUBCOTX>
    <SEOSUBCOTX>
     <CMPNAME>DEF_A_CUSTOMER_UNLOADING_POI_2</CMPNAME>
     <SCONAME>/IWBEP/CX_GATEWAY</SCONAME>
     <LANGU>E</LANGU>
     <DESCRIPT>Gateway Exception</DESCRIPT>
    </SEOSUBCOTX>
    <SEOSUBCOTX>
     <CMPNAME>DEF_A_CUSTOMER_WITH_HOLDING__2</CMPNAME>
     <SCONAME>/IWBEP/CX_GATEWAY</SCONAME>
     <LANGU>E</LANGU>
     <DESCRIPT>Gateway Exception</DESCRIPT>
    </SEOSUBCOTX>
    <SEOSUBCOTX>
     <CMPNAME>DEF_A_CUST_ADDR_DEPDNT_EXT_I_2</CMPNAME>
     <SCONAME>/IWBEP/CX_GATEWAY</SCONAME>
     <LANGU>E</LANGU>
     <DESCRIPT>Gateway Exception</DESCRIPT>
    </SEOSUBCOTX>
    <SEOSUBCOTX>
     <CMPNAME>DEF_A_CUST_ADDR_DEPDNT_INFOR_2</CMPNAME>
     <SCONAME>/IWBEP/CX_GATEWAY</SCONAME>
     <LANGU>E</LANGU>
     <DESCRIPT>Gateway Exception</DESCRIPT>
    </SEOSUBCOTX>
    <SEOSUBCOTX>
     <CMPNAME>DEF_A_CUST_SALES_PARTNER_FUN_2</CMPNAME>
     <SCONAME>/IWBEP/CX_GATEWAY</SCONAME>
     <LANGU>E</LANGU>
     <DESCRIPT>Gateway Exception</DESCRIPT>
    </SEOSUBCOTX>
    <SEOSUBCOTX>
     <CMPNAME>DEF_A_CUST_SLS_AREA_ADDR_DEP_3</CMPNAME>
     <SCONAME>/IWBEP/CX_GATEWAY</SCONAME>
     <LANGU>E</LANGU>
     <DESCRIPT>Gateway Exception</DESCRIPT>
    </SEOSUBCOTX>
    <SEOSUBCOTX>
     <CMPNAME>DEF_A_CUST_SLS_AREA_ADDR_DEP_4</CMPNAME>
     <SCONAME>/IWBEP/CX_GATEWAY</SCONAME>
     <LANGU>E</LANGU>
     <DESCRIPT>Gateway Exception</DESCRIPT>
    </SEOSUBCOTX>
    <SEOSUBCOTX>
     <CMPNAME>DEF_A_CUST_UNLDG_PT_ADDR_DEP_2</CMPNAME>
     <SCONAME>/IWBEP/CX_GATEWAY</SCONAME>
     <LANGU>E</LANGU>
     <DESCRIPT>Gateway Exception</DESCRIPT>
    </SEOSUBCOTX>
    <SEOSUBCOTX>
     <CMPNAME>DEF_A_SUPPLIER_COMPANY_TEXT_TY</CMPNAME>
     <SCONAME>/IWBEP/CX_GATEWAY</SCONAME>
     <LANGU>E</LANGU>
     <DESCRIPT>Gateway Exception</DESCRIPT>
    </SEOSUBCOTX>
    <SEOSUBCOTX>
     <CMPNAME>DEF_A_SUPPLIER_COMPANY_TYPE</CMPNAME>
     <SCONAME>/IWBEP/CX_GATEWAY</SCONAME>
     <LANGU>E</LANGU>
     <DESCRIPT>Gateway Exception</DESCRIPT>
    </SEOSUBCOTX>
    <SEOSUBCOTX>
     <CMPNAME>DEF_A_SUPPLIER_DUNNING_TYPE</CMPNAME>
     <SCONAME>/IWBEP/CX_GATEWAY</SCONAME>
     <LANGU>E</LANGU>
     <DESCRIPT>Gateway Exception</DESCRIPT>
    </SEOSUBCOTX>
    <SEOSUBCOTX>
     <CMPNAME>DEF_A_SUPPLIER_PARTNER_FUNC_TY</CMPNAME>
     <SCONAME>/IWBEP/CX_GATEWAY</SCONAME>
     <LANGU>E</LANGU>
     <DESCRIPT>Gateway Exception</DESCRIPT>
    </SEOSUBCOTX>
    <SEOSUBCOTX>
     <CMPNAME>DEF_A_SUPPLIER_PURCHASING_OR_3</CMPNAME>
     <SCONAME>/IWBEP/CX_GATEWAY</SCONAME>
     <LANGU>E</LANGU>
     <DESCRIPT>Gateway Exception</DESCRIPT>
    </SEOSUBCOTX>
    <SEOSUBCOTX>
     <CMPNAME>DEF_A_SUPPLIER_PURCHASING_OR_4</CMPNAME>
     <SCONAME>/IWBEP/CX_GATEWAY</SCONAME>
     <LANGU>E</LANGU>
     <DESCRIPT>Gateway Exception</DESCRIPT>
    </SEOSUBCOTX>
    <SEOSUBCOTX>
     <CMPNAME>DEF_A_SUPPLIER_TEXT_TYPE</CMPNAME>
     <SCONAME>/IWBEP/CX_GATEWAY</SCONAME>
     <LANGU>E</LANGU>
     <DESCRIPT>Gateway Exception</DESCRIPT>
    </SEOSUBCOTX>
    <SEOSUBCOTX>
     <CMPNAME>DEF_A_SUPPLIER_TYPE</CMPNAME>
     <SCONAME>/IWBEP/CX_GATEWAY</SCONAME>
     <LANGU>E</LANGU>
     <DESCRIPT>Gateway Exception</DESCRIPT>
    </SEOSUBCOTX>
    <SEOSUBCOTX>
     <CMPNAME>DEF_A_SUPPLIER_WITH_HOLDING__2</CMPNAME>
     <SCONAME>/IWBEP/CX_GATEWAY</SCONAME>
     <LANGU>E</LANGU>
     <DESCRIPT>Gateway Exception</DESCRIPT>
    </SEOSUBCOTX>
    <SEOSUBCOTX>
     <CMPNAME>DEF_YY_1_SHIPMENT_0</CMPNAME>
     <SCONAME>/IWBEP/CX_GATEWAY</SCONAME>
     <LANGU>E</LANGU>
     <DESCRIPT>Gateway Exception</DESCRIPT>
    </SEOSUBCOTX>
   </DESCRIPTIONS_SUB>
  </asx:values>
 </asx:abap>
</abapGit>
