﻿<?xml version="1.0" encoding="utf-8"?>
<abapGit version="v1.0.0" serializer="LCL_OBJECT_SUSH" serializer_version="v1.0.0">
 <asx:abap xmlns:asx="http://www.sap.com/abapxml" version="1.0">
  <asx:values>
   <HEAD>
    <NAME>459ECB00D9FD43F2271499CC80D754</NAME>
    <TYPE>HT</TYPE>
    <DISPLAY_NAME>R3TR G4BA ZLPMUI_CUSTOMER_O4</DISPLAY_NAME>
    <DEVCLASS>Z_CUST_LOY_APP</DEVCLASS>
    <ABAP_LANGUAGE_VERSION>5</ABAP_LANGUAGE_VERSION>
   </HEAD>
   <USOBX>
    <USOBX>
     <NAME>459ECB00D9FD43F2271499CC80D754</NAME>
     <TYPE>HT</TYPE>
     <OBJECT>S_START</OBJECT>
     <OKFLAG>X</OKFLAG>
    </USOBX>
   </USOBX>
   <USOBX_EXT>
    <item>
     <OBJECT>S_START</OBJECT>
     <TTEXT>Start Authorization Check for TADIR Objects</TTEXT>
     <OCLSS>AAAB</OCLSS>
     <OKFLAG>X</OKFLAG>
     <DEVCLASS>S_PROFGEN_START_AUTH</DEVCLASS>
     <PS_POSID>BC-SEC-AUT-CHK</PS_POSID>
     <CI_TEXT>Check</CI_TEXT>
     <CH_TEXT>Check</CH_TEXT>
     <PR_TEXT>No</PR_TEXT>
     <EXCEP>3</EXCEP>
     <EXCEP_TX>Okay</EXCEP_TX>
     <EXCEP_ICON>@08@</EXCEP_ICON>
    </item>
   </USOBX_EXT>
  </asx:values>
 </asx:abap>
</abapGit>
