﻿<?xml version="1.0" encoding="utf-8"?>
<abapGit version="v1.0.0" serializer="LCL_OBJECT_CLAS" serializer_version="v1.0.0">
 <asx:abap xmlns:asx="http://www.sap.com/abapxml" version="1.0">
  <asx:values>
   <VSEOCLASS>
    <CLSNAME>ZLPM_BUSINESSPARTNER_ODM</CLSNAME>
    <LANGU>E</LANGU>
    <DESCRIPT>Consumption model for client proxy - generated</DESCRIPT>
    <STATE>1</STATE>
    <UNICODE>X</UNICODE>
   </VSEOCLASS>
   <DESCRIPTIONS>
    <SEOCOMPOTX>
     <CLSNAME>ZLPM_BUSINESSPARTNER_ODM</CLSNAME>
     <CMPNAME>DEF_YY_1_BUSINESS_PARTNER_PE_2</CMPNAME>
     <LANGU>E</LANGU>
     <DESCRIPT>Define YY1_BusinessPartnerPersonType</DESCRIPT>
    </SEOCOMPOTX>
    <SEOCOMPOTX>
     <CLSNAME>ZLPM_BUSINESSPARTNER_ODM</CLSNAME>
     <CMPNAME>GCS_ENTITY_SET</CMPNAME>
     <LANGU>E</LANGU>
     <DESCRIPT>Internal Names of the entity sets</DESCRIPT>
    </SEOCOMPOTX>
    <SEOCOMPOTX>
     <CLSNAME>ZLPM_BUSINESSPARTNER_ODM</CLSNAME>
     <CMPNAME>GCS_ENTITY_TYPE</CMPNAME>
     <LANGU>E</LANGU>
     <DESCRIPT>Internal names for entity types</DESCRIPT>
    </SEOCOMPOTX>
    <SEOCOMPOTX>
     <CLSNAME>ZLPM_BUSINESSPARTNER_ODM</CLSNAME>
     <CMPNAME>MO_MODEL</CMPNAME>
     <LANGU>E</LANGU>
     <DESCRIPT>Model</DESCRIPT>
    </SEOCOMPOTX>
    <SEOCOMPOTX>
     <CLSNAME>ZLPM_BUSINESSPARTNER_ODM</CLSNAME>
     <CMPNAME>TYS_YY_1_BUSINESS_PARTNER_PE_2</CMPNAME>
     <LANGU>E</LANGU>
     <DESCRIPT>YY1_BusinessPartnerPersonType</DESCRIPT>
    </SEOCOMPOTX>
    <SEOCOMPOTX>
     <CLSNAME>ZLPM_BUSINESSPARTNER_ODM</CLSNAME>
     <CMPNAME>TYT_YY_1_BUSINESS_PARTNER_PE_2</CMPNAME>
     <LANGU>E</LANGU>
     <DESCRIPT>List of YY1_BusinessPartnerPersonType</DESCRIPT>
    </SEOCOMPOTX>
   </DESCRIPTIONS>
   <DESCRIPTIONS_SUB>
    <SEOSUBCOTX>
     <CMPNAME>DEF_YY_1_BUSINESS_PARTNER_PE_2</CMPNAME>
     <SCONAME>/IWBEP/CX_GATEWAY</SCONAME>
     <LANGU>E</LANGU>
     <DESCRIPT>Gateway Exception</DESCRIPT>
    </SEOSUBCOTX>
   </DESCRIPTIONS_SUB>
  </asx:values>
 </asx:abap>
</abapGit>
